t [s],x [m],v [m/s],a [m/s^2],L_c [m],v_c [m/s],T [N],F_op [N],R_techo [N],P [W],W_op [J],E_mec [J],factor_dinamico [-],alarma_Fop [-]
0,0,0,0,0,0,61.3125,61.3125,306.5625,0,0,0,1,0
0.01,0,0,0,0,0,61.3125,61.3125,306.5625,0,0,0,1,0
0.02,0,0,0,0,0,61.3125,61.3125,306.5625,0,0,0,1,0
0.03,0,0,0,0,0,61.3125,61.3125,306.5625,0,0,0,1,0
0.04,0,0,0,0,0,61.3125,61.3125,306.5625,0,0,0,1,0
0.05,0,0,0,0,0,61.3125,61.3125,306.5625,0,0,0,1,0
0.06,0,0,0,0,0,61.3125,61.3125,306.5625,0,0,0,1,0
0.07,0,0,0,0,0,61.3125,61.3125,306.5625,0,0,0,1,0
0.08,0,0,0,0,0,61.3125,61.3125,306.5625,0,0,0,1,0
0.09,0,0,0,0,0,61.3125,61.3125,306.5625,0,0,0,1,0
0.1,0,0,0,0,0,61.3125,61.3125,306.5625,0,0,0,1,0
0.11,0,0,0,0,0,61.3125,61.3125,306.5625,0,0,0,1,0
0.12,0,0,0,0,0,61.3125,61.3125,306.5625,0,0,0,1,0
0.13,0,0,0,0,0,61.3125,61.3125,306.5625,0,0,0,1,0
0.14,0,0,0,0,0,61.3125,61.3125,306.5625,0,0,0,1,0
0.15,0,0,0,0,0,61.3125,61.3125,306.5625,0,0,0,1,0
0.16,0,0,0,0,0,61.3125,61.3125,306.5625,0,0,0,1,0
0.17,0,0,0,0,0,61.3125,61.3125,306.5625,0,0,0,1,0
0.18,0,0,0,0,0,61.3125,61.3125,306.5625,0,0,0,1,0
0.19,0,0,0,0,0,61.3125,61.3125,306.5625,0,0,0,1,0
0.2,0,0,0,0,0,61.3125,61.3125,306.5625,0,0,0,1,0
0.21,0,0,0,0,0,61.3125,61.3125,306.5625,0,0,0,1,0
0.22,0,0,0,0,0,61.3125,61.3125,306.5625,0,0,0,1,0
0.23,0,0,0,0,0,61.3125,61.3125,306.5625,0,0,0,1,0
0.24,0,0,0,0,0,61.3125,61.3125,306.5625,0,0,0,1,0
0.25,0,0,0,0,0,61.3125,61.3125,306.5625,0,0,0,1,0
0.26,0,0,0,0,0,61.3125,61.3125,306.5625,0,0,0,1,0
0.27,0,0,0,0,0,61.3125,61.3125,306.5625,0,0,0,1,0
0.28,0,0,0,0,0,61.3125,61.3125,306.5625,0,0,0,1,0
0.29,0,0,0,0,0,61.3125,61.3125,306.5625,0,0,0,1,0
0.3,0,0,0,0,0,61.3125,61.3125,306.5625,0,0,0,1,0
0.31,0,0,0,0,0,61.3125,61.3125,306.5625,0,0,0,1,0
0.32,0,0,0,0,0,61.3125,61.3125,306.5625,0,0,0,1,0
0.33,0,0,0,0,0,61.3125,61.3125,306.5625,0,0,0,1,0
0.34,0,0,0,0,0,61.3125,61.3125,306.5625,0,0,0,1,0
0.35,0,0,0,0,0,61.3125,61.3125,306.5625,0,0,0,1,0
0.36,0,0,0,0,0,61.3125,61.3125,306.5625,0,0,0,1,0
0.37,0,0,0,0,0,61.3125,61.3125,306.5625,0,0,0,1,0
0.38,0,0,0,0,0,61.3125,61.3125,306.5625,0,0,0,1,0
0.39,0,0,0,0,0,61.3125,61.3125,306.5625,0,0,0,1,0
0.4,0,0,0,0,0,61.3125,61.3125,306.5625,0,0,0,1,0
0.41,0,0,0,0,0,61.3125,61.3125,306.5625,0,0,0,1,0
0.42,0,0,0,0,0,61.3125,61.3125,306.5625,0,0,0,1,0
0.43,0,0,0,0,0,61.3125,61.3125,306.5625,0,0,0,1,0
0.44,0,0,0,0,0,61.3125,61.3125,306.5625,0,0,0,1,0
0.45,0,0,0,0,0,61.3125,61.3125,306.5625,0,0,0,1,0
0.46,0,0,0,0,0,61.3125,61.3125,306.5625,0,0,0,1,0
0.47,0,0,0,0,0,61.3125,61.3125,306.5625,0,0,0,1,0
0.48,0,0,0,0,0,61.3125,61.3125,306.5625,0,0,0,1,0
0.49,0,0,0,0,0,61.3125,61.3125,306.5625,0,0,0,1,0
0.5,0,0,0,0,0,61.3125,61.3125,306.5625,0,0,0,1,0
0.51,0,0,0,0,0,61.3125,61.3125,306.5625,0,0,0,1,0
0.52,0,0,0,0,0,61.3125,61.3125,306.5625,0,0,0,1,0
0.53,0,0,0,0,0,61.3125,61.3125,306.5625,0,0,0,1,0
0.54,0,0,0,0,0,61.3125,61.3125,306.5625,0,0,0,1,0
0.55,0,0,0,0,0,61.3125,61.3125,306.5625,0,0,0,1,0
0.56,0,0,0,0,0,61.3125,61.3125,306.5625,0,0,0,1,0
0.57,0,0,0,0,0,61.3125,61.3125,306.5625,0,0,0,1,0
0.58,0,0,0,0,0,61.3125,61.3125,306.5625,0,0,0,1,0
0.59,0,0,0,0,0,61.3125,61.3125,306.5625,0,0,0,1,0
0.6,0,0,0,0,0,61.3125,61.3125,306.5625,0,0,0,1,0
0.61,0,0,0,0,0,61.3125,61.3125,306.5625,0,0,0,1,0
0.62,0,0,0,0,0,61.3125,61.3125,306.5625,0,0,0,1,0
0.63,0,0,0,0,0,61.3125,61.3125,306.5625,0,0,0,1,0
0.64,0,0,0,0,0,61.3125,61.3125,306.5625,0,0,0,1,0
0.65,0,0,0,0,0,61.3125,61.3125,306.5625,0,0,0,1,0
0.66,0,0,0,0,0,61.3125,61.3125,306.5625,0,0,0,1,0
0.67,0,0,0,0,0,61.3125,61.3125,306.5625,0,0,0,1,0
0.68,0,0,0,0,0,61.3125,61.3125,306.5625,0,0,0,1,0
0.69,0,0,0,0,0,61.3125,61.3125,306.5625,0,0,0,1,0
0.7,0,0,0,0,0,61.3125,61.3125,306.5625,0,0,0,1,0
0.71,0,0,0,0,0,61.3125,61.3125,306.5625,0,0,0,1,0
0.72,0,0,0,0,0,61.3125,61.3125,306.5625,0,0,0,1,0
0.73,0,0,0,0,0,61.3125,61.3125,306.5625,0,0,0,1,0
0.74,0,0,0,0,0,61.3125,61.3125,306.5625,0,0,0,1,0
0.75,0,0,0,0,0,61.3125,61.3125,306.5625,0,0,0,1,0
0.76,0,0,0,0,0,61.3125,61.3125,306.5625,0,0,0,1,0
0.77,0,0,0,0,0,61.3125,61.3125,306.5625,0,0,0,1,0
0.78,0,0,0,0,0,61.3125,61.3125,306.5625,0,0,0,1,0
0.79,0,0,0,0,0,61.3125,61.3125,306.5625,0,0,0,1,0
0.8,0,0,0,0,0,61.3125,61.3125,306.5625,0,0,0,1,0
0.81,0,0,0,0,0,61.3125,61.3125,306.5625,0,0,0,1,0
0.82,0,0,0,0,0,61.3125,61.3125,306.5625,0,0,0,1,0
0.83,0,0,0,0,0,61.3125,61.3125,306.5625,0,0,0,1,0
0.84,0,0,0,0,0,61.3125,61.3125,306.5625,0,0,0,1,0
0.85,0,0,0,0,0,61.3125,61.3125,306.5625,0,0,0,1,0
0.86,0,0,0,0,0,61.3125,61.3125,306.5625,0,0,0,1,0
0.87,0,0,0,0,0,61.3125,61.3125,306.5625,0,0,0,1,0
0.88,0,0,0,0,0,61.3125,61.3125,306.5625,0,0,0,1,0
0.89,0,0,0,0,0,61.3125,61.3125,306.5625,0,0,0,1,0
0.9,0,0,0,0,0,61.3125,61.3125,306.5625,0,0,0,1,0
0.91,0,0,0,0,0,61.3125,61.3125,306.5625,0,0,0,1,0
0.92,0,0,0,0,0,61.3125,61.3125,306.5625,0,0,0,1,0
0.93,0,0,0,0,0,61.3125,61.3125,306.5625,0,0,0,1,0
0.94,0,0,0,0,0,61.3125,61.3125,306.5625,0,0,0,1,0
0.95,0,0,0,0,0,61.3125,61.3125,306.5625,0,0,0,1,0
0.96,0,0,0,0,0,61.3125,61.3125,306.5625,0,0,0,1,0
0.97,0,0,0,0,0,61.3125,61.3125,306.5625,0,0,0,1,0
0.98,0,0,0,0,0,61.3125,61.3125,306.5625,0,0,0,1,0
0.99,0,0,0,0,0,61.3125,61.3125,306.5625,0,0,0,1,0
1,0,0,0.15,0,0,62.25,62.25,311.25,0,0,0,1.01529052,0
1.01,7.5e-06,0.0015,0.15,3e-05,0.006,62.25,62.25,311.25,0.3735,0.0018675,0.0018675,1.01529052,0
1.02,3e-05,0.003,0.15,0.00012,0.012,62.25,62.25,311.25,0.747,0.00747,0.00747,1.01529052,0
1.03,6.75e-05,0.0045,0.15,0.00027,0.018,62.25,62.25,311.25,1.1205,0.0168075,0.0168075,1.01529052,0
1.04,0.00012,0.006,0.15,0.00048,0.024,62.25,62.25,311.25,1.494,0.02988,0.02988,1.01529052,0
1.05,0.0001875,0.0075,0.15,0.00075,0.03,62.25,62.25,311.25,1.8675,0.0466875,0.0466875,1.01529052,0
1.06,0.00027,0.009,0.15,0.00108,0.036,62.25,62.25,311.25,2.241,0.06723,0.06723,1.01529052,0
1.07,0.0003675,0.0105,0.15,0.00147,0.042,62.25,62.25,311.25,2.6145,0.0915075,0.0915075,1.01529052,0
1.08,0.00048,0.012,0.15,0.00192,0.048,62.25,62.25,311.25,2.988,0.11952,0.11952,1.01529052,0
1.09,0.0006075,0.0135,0.15,0.00243,0.054,62.25,62.25,311.25,3.3615,0.1512675,0.1512675,1.01529052,0
1.1,0.00075,0.015,0.15,0.003,0.06,62.25,62.25,311.25,3.735,0.18675,0.18675,1.01529052,0
1.11,0.0009075,0.0165,0.15,0.00363,0.066,62.25,62.25,311.25,4.1085,0.2259675,0.2259675,1.01529052,0
1.12,0.00108,0.018,0.15,0.00432,0.072,62.25,62.25,311.25,4.482,0.26892,0.26892,1.01529052,0
1.13,0.0012675,0.0195,0.15,0.00507,0.078,62.25,62.25,311.25,4.8555,0.3156075,0.3156075,1.01529052,0
1.14,0.00147,0.021,0.15,0.00588,0.084,62.25,62.25,311.25,5.229,0.36603,0.36603,1.01529052,0
1.15,0.0016875,0.0225,0.15,0.00675,0.09,62.25,62.25,311.25,5.6025,0.4201875,0.4201875,1.01529052,0
1.16,0.00192,0.024,0.15,0.00768,0.096,62.25,62.25,311.25,5.976,0.47808,0.47808,1.01529052,0
1.17,0.0021675,0.0255,0.15,0.00867,0.102,62.25,62.25,311.25,6.3495,0.5397075,0.5397075,1.01529052,0
1.18,0.00243,0.027,0.15,0.00972,0.108,62.25,62.25,311.25,6.723,0.60507,0.60507,1.01529052,0
1.19,0.0027075,0.0285,0.15,0.01083,0.114,62.25,62.25,311.25,7.0965,0.6741675,0.6741675,1.01529052,0
1.2,0.003,0.03,0.15,0.012,0.12,62.25,62.25,311.25,7.47,0.747,0.747,1.01529052,0
1.21,0.0033075,0.0315,0.15,0.01323,0.126,62.25,62.25,311.25,7.8435,0.8235675,0.8235675,1.01529052,0
1.22,0.00363,0.033,0.15,0.01452,0.132,62.25,62.25,311.25,8.217,0.90387,0.90387,1.01529052,0
1.23,0.0039675,0.0345,0.15,0.01587,0.138,62.25,62.25,311.25,8.5905,0.9879075,0.9879075,1.01529052,0
1.24,0.00432,0.036,0.15,0.01728,0.144,62.25,62.25,311.25,8.964,1.07568,1.07568,1.01529052,0
1.25,0.0046875,0.0375,0.15,0.01875,0.15,62.25,62.25,311.25,9.3375,1.1671875,1.1671875,1.01529052,0
1.26,0.00507,0.039,0.15,0.02028,0.156,62.25,62.25,311.25,9.711,1.26243,1.26243,1.01529052,0
1.27,0.0054675,0.0405,0.15,0.02187,0.162,62.25,62.25,311.25,10.0845,1.3614075,1.3614075,1.01529052,0
1.28,0.00588,0.042,0.15,0.02352,0.168,62.25,62.25,311.25,10.458,1.46412,1.46412,1.01529052,0
1.29,0.0063075,0.0435,0.15,0.02523,0.174,62.25,62.25,311.25,10.8315,1.5705675,1.5705675,1.01529052,0
1.3,0.00675,0.045,0.15,0.027,0.18,62.25,62.25,311.25,11.205,1.68075,1.68075,1.01529052,0
1.31,0.0072075,0.0465,0.15,0.02883,0.186,62.25,62.25,311.25,11.5785,1.7946675,1.7946675,1.01529052,0
1.32,0.00768,0.048,0.15,0.03072,0.192,62.25,62.25,311.25,11.952,1.91232,1.91232,1.01529052,0
1.33,0.0081675,0.0495,0.15,0.03267,0.198,62.25,62.25,311.25,12.3255,2.0337075,2.0337075,1.01529052,0
1.34,0.00867,0.051,0.15,0.03468,0.204,62.25,62.25,311.25,12.699,2.15883,2.15883,1.01529052,0
1.35,0.0091875,0.0525,0.15,0.03675,0.21,62.25,62.25,311.25,13.0725,2.2876875,2.2876875,1.01529052,0
1.36,0.00972,0.054,0.15,0.03888,0.216,62.25,62.25,311.25,13.446,2.42028,2.42028,1.01529052,0
1.37,0.0102675,0.0555,0.15,0.04107,0.222,62.25,62.25,311.25,13.8195,2.5566075,2.5566075,1.01529052,0
1.38,0.01083,0.057,0.15,0.04332,0.228,62.25,62.25,311.25,14.193,2.69667,2.69667,1.01529052,0
1.39,0.0114075,0.0585,0.15,0.04563,0.234,62.25,62.25,311.25,14.5665,2.8404675,2.8404675,1.01529052,0
1.4,0.012,0.06,0.15,0.048,0.24,62.25,62.25,311.25,14.94,2.988,2.988,1.01529052,0
1.41,0.0126075,0.0615,0.15,0.05043,0.246,62.25,62.25,311.25,15.3135,3.1392675,3.1392675,1.01529052,0
1.42,0.01323,0.063,0.15,0.05292,0.252,62.25,62.25,311.25,15.687,3.29427,3.29427,1.01529052,0
1.43,0.0138675,0.0645,0.15,0.05547,0.258,62.25,62.25,311.25,16.0605,3.4530075,3.4530075,1.01529052,0
1.44,0.01452,0.066,0.15,0.05808,0.264,62.25,62.25,311.25,16.434,3.61548,3.61548,1.01529052,0
1.45,0.0151875,0.0675,0.15,0.06075,0.27,62.25,62.25,311.25,16.8075,3.7816875,3.7816875,1.01529052,0
1.46,0.01587,0.069,0.15,0.06348,0.276,62.25,62.25,311.25,17.181,3.95163,3.95163,1.01529052,0
1.47,0.0165675,0.0705,0.15,0.06627,0.282,62.25,62.25,311.25,17.5545,4.1253075,4.1253075,1.01529052,0
1.48,0.01728,0.072,0.15,0.06912,0.288,62.25,62.25,311.25,17.928,4.30272,4.30272,1.01529052,0
1.49,0.0180075,0.0735,0.15,0.07203,0.294,62.25,62.25,311.25,18.3015,4.4838675,4.4838675,1.01529052,0
1.5,0.01875,0.075,0.15,0.075,0.3,62.25,62.25,311.25,18.675,4.66875,4.66875,1.01529052,0
1.51,0.0195075,0.0765,0.15,0.07803,0.306,62.25,62.25,311.25,19.0485,4.8573675,4.8573675,1.01529052,0
1.52,0.02028,0.078,0.15,0.08112,0.312,62.25,62.25,311.25,19.422,5.04972,5.04972,1.01529052,0
1.53,0.0210675,0.0795,0.15,0.08427,0.318,62.25,62.25,311.25,19.7955,5.2458075,5.2458075,1.01529052,0
1.54,0.02187,0.081,0.15,0.08748,0.324,62.25,62.25,311.25,20.169,5.44563,5.44563,1.01529052,0
1.55,0.0226875,0.0825,0.15,0.09075,0.33,62.25,62.25,311.25,20.5425,5.6491875,5.6491875,1.01529052,0
1.56,0.02352,0.084,0.15,0.09408,0.336,62.25,62.25,311.25,20.916,5.85648,5.85648,1.01529052,0
1.57,0.0243675,0.0855,0.15,0.09747,0.342,62.25,62.25,311.25,21.2895,6.0675075,6.0675075,1.01529052,0
1.58,0.02523,0.087,0.15,0.10092,0.348,62.25,62.25,311.25,21.663,6.28227,6.28227,1.01529052,0
1.59,0.0261075,0.0885,0.15,0.10443,0.354,62.25,62.25,311.25,22.0365,6.5007675,6.5007675,1.01529052,0
1.6,0.027,0.09,0.15,0.108,0.36,62.25,62.25,311.25,22.41,6.723,6.723,1.01529052,0
1.61,0.0279075,0.0915,0.15,0.11163,0.366,62.25,62.25,311.25,22.7835,6.9489675,6.9489675,1.01529052,0
1.62,0.02883,0.093,0.15,0.11532,0.372,62.25,62.25,311.25,23.157,7.17867,7.17867,1.01529052,0
1.63,0.0297675,0.0945,0.15,0.11907,0.378,62.25,62.25,311.25,23.5305,7.4121075,7.4121075,1.01529052,0
1.64,0.03072,0.096,0.15,0.12288,0.384,62.25,62.25,311.25,23.904,7.64928,7.64928,1.01529052,0
1.65,0.0316875,0.0975,0.15,0.12675,0.39,62.25,62.25,311.25,24.2775,7.8901875,7.8901875,1.01529052,0
1.66,0.03267,0.099,0.15,0.13068,0.396,62.25,62.25,311.25,24.651,8.13483,8.13483,1.01529052,0
1.67,0.0336675,0.1005,0.15,0.13467,0.402,62.25,62.25,311.25,25.0245,8.3832075,8.3832075,1.01529052,0
1.68,0.03468,0.102,0.15,0.13872,0.408,62.25,62.25,311.25,25.398,8.63532,8.63532,1.01529052,0
1.69,0.0357075,0.1035,0.15,0.14283,0.414,62.25,62.25,311.25,25.7715,8.8911675,8.8911675,1.01529052,0
1.7,0.03675,0.105,0.15,0.147,0.42,62.25,62.25,311.25,26.145,9.15075,9.15075,1.01529052,0
1.71,0.0378075,0.1065,0.15,0.15123,0.426,62.25,62.25,311.25,26.5185,9.4140675,9.4140675,1.01529052,0
1.72,0.03888,0.108,0.15,0.15552,0.432,62.25,62.25,311.25,26.892,9.68112,9.68112,1.01529052,0
1.73,0.0399675,0.1095,0.15,0.15987,0.438,62.25,62.25,311.25,27.2655,9.9519075,9.9519075,1.01529052,0
1.74,0.04107,0.111,0.15,0.16428,0.444,62.25,62.25,311.25,27.639,10.22643,10.22643,1.01529052,0
1.75,0.0421875,0.1125,0.15,0.16875,0.45,62.25,62.25,311.25,28.0125,10.5046875,10.5046875,1.01529052,0
1.76,0.04332,0.114,0.15,0.17328,0.456,62.25,62.25,311.25,28.386,10.78668,10.78668,1.01529052,0
1.77,0.0444675,0.1155,0.15,0.17787,0.462,62.25,62.25,311.25,28.7595,11.0724075,11.0724075,1.01529052,0
1.78,0.04563,0.117,0.15,0.18252,0.468,62.25,62.25,311.25,29.133,11.36187,11.36187,1.01529052,0
1.79,0.0468075,0.1185,0.15,0.18723,0.474,62.25,62.25,311.25,29.5065,11.6550675,11.6550675,1.01529052,0
1.8,0.048,0.12,0.15,0.192,0.48,62.25,62.25,311.25,29.88,11.952,11.952,1.01529052,0
1.81,0.0492075,0.1215,0.15,0.19683,0.486,62.25,62.25,311.25,30.2535,12.2526675,12.2526675,1.01529052,0
1.82,0.05043,0.123,0.15,0.20172,0.492,62.25,62.25,311.25,30.627,12.55707,12.55707,1.01529052,0
1.83,0.0516675,0.1245,0.15,0.20667,0.498,62.25,62.25,311.25,31.0005,12.8652075,12.8652075,1.01529052,0
1.84,0.05292,0.126,0.15,0.21168,0.504,62.25,62.25,311.25,31.374,13.17708,13.17708,1.01529052,0
1.85,0.0541875,0.1275,0.15,0.21675,0.51,62.25,62.25,311.25,31.7475,13.4926875,13.4926875,1.01529052,0
1.86,0.05547,0.129,0.15,0.22188,0.516,62.25,62.25,311.25,32.121,13.81203,13.81203,1.01529052,0
1.87,0.0567675,0.1305,0.15,0.22707,0.522,62.25,62.25,311.25,32.4945,14.1351075,14.1351075,1.01529052,0
1.88,0.05808,0.132,0.15,0.23232,0.528,62.25,62.25,311.25,32.868,14.46192,14.46192,1.01529052,0
1.89,0.0594075,0.1335,0.15,0.23763,0.534,62.25,62.25,311.25,33.2415,14.7924675,14.7924675,1.01529052,0
1.9,0.06075,0.135,0.15,0.243,0.54,62.25,62.25,311.25,33.615,15.12675,15.12675,1.01529052,0
1.91,0.0621075,0.1365,0.15,0.24843,0.546,62.25,62.25,311.25,33.9885,15.4647675,15.4647675,1.01529052,0
1.92,0.06348,0.138,0.15,0.25392,0.552,62.25,62.25,311.25,34.362,15.80652,15.80652,1.01529052,0
1.93,0.0648675,0.1395,0.15,0.25947,0.558,62.25,62.25,311.25,34.7355,16.1520075,16.1520075,1.01529052,0
1.94,0.06627,0.141,0.15,0.26508,0.564,62.25,62.25,311.25,35.109,16.50123,16.50123,1.01529052,0
1.95,0.0676875,0.1425,0.15,0.27075,0.57,62.25,62.25,311.25,35.4825,16.8541875,16.8541875,1.01529052,0
1.96,0.06912,0.144,0.15,0.27648,0.576,62.25,62.25,311.25,35.856,17.21088,17.21088,1.01529052,0
1.97,0.0705675,0.1455,0.15,0.28227,0.582,62.25,62.25,311.25,36.2295,17.5713075,17.5713075,1.01529052,0
1.98,0.07203,0.147,0.15,0.28812,0.588,62.25,62.25,311.25,36.603,17.93547,17.93547,1.01529052,0
1.99,0.0735075,0.1485,0.15,0.29403,0.594,62.25,62.25,311.25,36.9765,18.3033675,18.3033675,1.01529052,0
2,0.075,0.15,0,0.3,0.6,61.3125,61.3125,306.5625,36.7875,18.675,18.675,1,0
2.01,0.0765,0.15,0,0.306,0.6,61.3125,61.3125,306.5625,36.7875,19.042875,19.042875,1,0
2.02,0.078,0.15,0,0.312,0.6,61.3125,61.3125,306.5625,36.7875,19.41075,19.41075,1,0
2.03,0.0795,0.15,0,0.318,0.6,61.3125,61.3125,306.5625,36.7875,19.778625,19.778625,1,0
2.04,0.081,0.15,0,0.324,0.6,61.3125,61.3125,306.5625,36.7875,20.1465,20.1465,1,0
2.05,0.0825,0.15,0,0.33,0.6,61.3125,61.3125,306.5625,36.7875,20.514375,20.514375,1,0
2.06,0.084,0.15,0,0.336,0.6,61.3125,61.3125,306.5625,36.7875,20.88225,20.88225,1,0
2.07,0.0855,0.15,0,0.342,0.6,61.3125,61.3125,306.5625,36.7875,21.250125,21.250125,1,0
2.08,0.087,0.15,0,0.348,0.6,61.3125,61.3125,306.5625,36.7875,21.618,21.618,1,0
2.09,0.0885,0.15,0,0.354,0.6,61.3125,61.3125,306.5625,36.7875,21.985875,21.985875,1,0
2.1,0.09,0.15,0,0.36,0.6,61.3125,61.3125,306.5625,36.7875,22.35375,22.35375,1,0
2.11,0.0915,0.15,0,0.366,0.6,61.3125,61.3125,306.5625,36.7875,22.721625,22.721625,1,0
2.12,0.093,0.15,0,0.372,0.6,61.3125,61.3125,306.5625,36.7875,23.0895,23.0895,1,0
2.13,0.0945,0.15,0,0.378,0.6,61.3125,61.3125,306.5625,36.7875,23.457375,23.457375,1,0
2.14,0.096,0.15,0,0.384,0.6,61.3125,61.3125,306.5625,36.7875,23.82525,23.82525,1,0
2.15,0.0975,0.15,0,0.39,0.6,61.3125,61.3125,306.5625,36.7875,24.193125,24.193125,1,0
2.16,0.099,0.15,0,0.396,0.6,61.3125,61.3125,306.5625,36.7875,24.561,24.561,1,0
2.17,0.1005,0.15,0,0.402,0.6,61.3125,61.3125,306.5625,36.7875,24.928875,24.928875,1,0
2.18,0.102,0.15,0,0.408,0.6,61.3125,61.3125,306.5625,36.7875,25.29675,25.29675,1,0
2.19,0.1035,0.15,0,0.414,0.6,61.3125,61.3125,306.5625,36.7875,25.664625,25.664625,1,0
2.2,0.105,0.15,0,0.42,0.6,61.3125,61.3125,306.5625,36.7875,26.0325,26.0325,1,0
2.21,0.1065,0.15,0,0.426,0.6,61.3125,61.3125,306.5625,36.7875,26.400375,26.400375,1,0
2.22,0.108,0.15,0,0.432,0.6,61.3125,61.3125,306.5625,36.7875,26.76825,26.76825,1,0
2.23,0.1095,0.15,0,0.438,0.6,61.3125,61.3125,306.5625,36.7875,27.136125,27.136125,1,0
2.24,0.111,0.15,0,0.444,0.6,61.3125,61.3125,306.5625,36.7875,27.504,27.504,1,0
2.25,0.1125,0.15,0,0.45,0.6,61.3125,61.3125,306.5625,36.7875,27.871875,27.871875,1,0
2.26,0.114,0.15,0,0.456,0.6,61.3125,61.3125,306.5625,36.7875,28.23975,28.23975,1,0
2.27,0.1155,0.15,0,0.462,0.6,61.3125,61.3125,306.5625,36.7875,28.607625,28.607625,1,0
2.28,0.117,0.15,0,0.468,0.6,61.3125,61.3125,306.5625,36.7875,28.9755,28.9755,1,0
2.29,0.1185,0.15,0,0.474,0.6,61.3125,61.3125,306.5625,36.7875,29.343375,29.343375,1,0
2.3,0.12,0.15,0,0.48,0.6,61.3125,61.3125,306.5625,36.7875,29.71125,29.71125,1,0
2.31,0.1215,0.15,0,0.486,0.6,61.3125,61.3125,306.5625,36.7875,30.079125,30.079125,1,0
2.32,0.123,0.15,0,0.492,0.6,61.3125,61.3125,306.5625,36.7875,30.447,30.447,1,0
2.33,0.1245,0.15,0,0.498,0.6,61.3125,61.3125,306.5625,36.7875,30.814875,30.814875,1,0
2.34,0.126,0.15,0,0.504,0.6,61.3125,61.3125,306.5625,36.7875,31.18275,31.18275,1,0
2.35,0.1275,0.15,0,0.51,0.6,61.3125,61.3125,306.5625,36.7875,31.550625,31.550625,1,0
2.36,0.129,0.15,0,0.516,0.6,61.3125,61.3125,306.5625,36.7875,31.9185,31.9185,1,0
2.37,0.1305,0.15,0,0.522,0.6,61.3125,61.3125,306.5625,36.7875,32.286375,32.286375,1,0
2.38,0.132,0.15,0,0.528,0.6,61.3125,61.3125,306.5625,36.7875,32.65425,32.65425,1,0
2.39,0.1335,0.15,0,0.534,0.6,61.3125,61.3125,306.5625,36.7875,33.022125,33.022125,1,0
2.4,0.135,0.15,0,0.54,0.6,61.3125,61.3125,306.5625,36.7875,33.39,33.39,1,0
2.41,0.1365,0.15,0,0.546,0.6,61.3125,61.3125,306.5625,36.7875,33.757875,33.757875,1,0
2.42,0.138,0.15,0,0.552,0.6,61.3125,61.3125,306.5625,36.7875,34.12575,34.12575,1,0
2.43,0.1395,0.15,0,0.558,0.6,61.3125,61.3125,306.5625,36.7875,34.493625,34.493625,1,0
2.44,0.141,0.15,0,0.564,0.6,61.3125,61.3125,306.5625,36.7875,34.8615,34.8615,1,0
2.45,0.1425,0.15,0,0.57,0.6,61.3125,61.3125,306.5625,36.7875,35.229375,35.229375,1,0
2.46,0.144,0.15,0,0.576,0.6,61.3125,61.3125,306.5625,36.7875,35.59725,35.59725,1,0
2.47,0.1455,0.15,0,0.582,0.6,61.3125,61.3125,306.5625,36.7875,35.965125,35.965125,1,0
2.48,0.147,0.15,0,0.588,0.6,61.3125,61.3125,306.5625,36.7875,36.333,36.333,1,0
2.49,0.1485,0.15,0,0.594,0.6,61.3125,61.3125,306.5625,36.7875,36.700875,36.700875,1,0
2.5,0.15,0.15,0,0.6,0.6,61.3125,61.3125,306.5625,36.7875,37.06875,37.06875,1,0
2.51,0.1515,0.15,0,0.606,0.6,61.3125,61.3125,306.5625,36.7875,37.436625,37.436625,1,0
2.52,0.153,0.15,0,0.612,0.6,61.3125,61.3125,306.5625,36.7875,37.8045,37.8045,1,0
2.53,0.1545,0.15,0,0.618,0.6,61.3125,61.3125,306.5625,36.7875,38.172375,38.172375,1,0
2.54,0.156,0.15,0,0.624,0.6,61.3125,61.3125,306.5625,36.7875,38.54025,38.54025,1,0
2.55,0.1575,0.15,0,0.63,0.6,61.3125,61.3125,306.5625,36.7875,38.908125,38.908125,1,0
2.56,0.159,0.15,0,0.636,0.6,61.3125,61.3125,306.5625,36.7875,39.276,39.276,1,0
2.57,0.1605,0.15,0,0.642,0.6,61.3125,61.3125,306.5625,36.7875,39.643875,39.643875,1,0
2.58,0.162,0.15,0,0.648,0.6,61.3125,61.3125,306.5625,36.7875,40.01175,40.01175,1,0
2.59,0.1635,0.15,0,0.654,0.6,61.3125,61.3125,306.5625,36.7875,40.379625,40.379625,1,0
2.6,0.165,0.15,0,0.66,0.6,61.3125,61.3125,306.5625,36.7875,40.7475,40.7475,1,0
2.61,0.1665,0.15,0,0.666,0.6,61.3125,61.3125,306.5625,36.7875,41.115375,41.115375,1,0
2.62,0.168,0.15,0,0.672,0.6,61.3125,61.3125,306.5625,36.7875,41.48325,41.48325,1,0
2.63,0.1695,0.15,0,0.678,0.6,61.3125,61.3125,306.5625,36.7875,41.851125,41.851125,1,0
2.64,0.171,0.15,0,0.684,0.6,61.3125,61.3125,306.5625,36.7875,42.219,42.219,1,0
2.65,0.1725,0.15,0,0.69,0.6,61.3125,61.3125,306.5625,36.7875,42.586875,42.586875,1,0
2.66,0.174,0.15,0,0.696,0.6,61.3125,61.3125,306.5625,36.7875,42.95475,42.95475,1,0
2.67,0.1755,0.15,0,0.702,0.6,61.3125,61.3125,306.5625,36.7875,43.322625,43.322625,1,0
2.68,0.177,0.15,0,0.708,0.6,61.3125,61.3125,306.5625,36.7875,43.6905,43.6905,1,0
2.69,0.1785,0.15,0,0.714,0.6,61.3125,61.3125,306.5625,36.7875,44.058375,44.058375,1,0
2.7,0.18,0.15,0,0.72,0.6,61.3125,61.3125,306.5625,36.7875,44.42625,44.42625,1,0
2.71,0.1815,0.15,0,0.726,0.6,61.3125,61.3125,306.5625,36.7875,44.794125,44.794125,1,0
2.72,0.183,0.15,0,0.732,0.6,61.3125,61.3125,306.5625,36.7875,45.162,45.162,1,0
2.73,0.1845,0.15,0,0.738,0.6,61.3125,61.3125,306.5625,36.7875,45.529875,45.529875,1,0
2.74,0.186,0.15,0,0.744,0.6,61.3125,61.3125,306.5625,36.7875,45.89775,45.89775,1,0
2.75,0.1875,0.15,0,0.75,0.6,61.3125,61.3125,306.5625,36.7875,46.265625,46.265625,1,0
2.76,0.189,0.15,0,0.756,0.6,61.3125,61.3125,306.5625,36.7875,46.6335,46.6335,1,0
2.77,0.1905,0.15,0,0.762,0.6,61.3125,61.3125,306.5625,36.7875,47.001375,47.001375,1,0
2.78,0.192,0.15,0,0.768,0.6,61.3125,61.3125,306.5625,36.7875,47.36925,47.36925,1,0
2.79,0.1935,0.15,0,0.774,0.6,61.3125,61.3125,306.5625,36.7875,47.737125,47.737125,1,0
2.8,0.195,0.15,0,0.78,0.6,61.3125,61.3125,306.5625,36.7875,48.105,48.105,1,0
2.81,0.1965,0.15,0,0.786,0.6,61.3125,61.3125,306.5625,36.7875,48.472875,48.472875,1,0
2.82,0.198,0.15,0,0.792,0.6,61.3125,61.3125,306.5625,36.7875,48.84075,48.84075,1,0
2.83,0.1995,0.15,0,0.798,0.6,61.3125,61.3125,306.5625,36.7875,49.208625,49.208625,1,0
2.84,0.201,0.15,0,0.804,0.6,61.3125,61.3125,306.5625,36.7875,49.5765,49.5765,1,0
2.85,0.2025,0.15,0,0.81,0.6,61.3125,61.3125,306.5625,36.7875,49.944375,49.944375,1,0
2.86,0.204,0.15,0,0.816,0.6,61.3125,61.3125,306.5625,36.7875,50.31225,50.31225,1,0
2.87,0.2055,0.15,0,0.822,0.6,61.3125,61.3125,306.5625,36.7875,50.680125,50.680125,1,0
2.88,0.207,0.15,0,0.828,0.6,61.3125,61.3125,306.5625,36.7875,51.048,51.048,1,0
2.89,0.2085,0.15,0,0.834,0.6,61.3125,61.3125,306.5625,36.7875,51.415875,51.415875,1,0
2.9,0.21,0.15,0,0.84,0.6,61.3125,61.3125,306.5625,36.7875,51.78375,51.78375,1,0
2.91,0.2115,0.15,0,0.846,0.6,61.3125,61.3125,306.5625,36.7875,52.151625,52.151625,1,0
2.92,0.213,0.15,0,0.852,0.6,61.3125,61.3125,306.5625,36.7875,52.5195,52.5195,1,0
2.93,0.2145,0.15,0,0.858,0.6,61.3125,61.3125,306.5625,36.7875,52.887375,52.887375,1,0
2.94,0.216,0.15,0,0.864,0.6,61.3125,61.3125,306.5625,36.7875,53.25525,53.25525,1,0
2.95,0.2175,0.15,0,0.87,0.6,61.3125,61.3125,306.5625,36.7875,53.623125,53.623125,1,0
2.96,0.219,0.15,0,0.876,0.6,61.3125,61.3125,306.5625,36.7875,53.991,53.991,1,0
2.97,0.2205,0.15,0,0.882,0.6,61.3125,61.3125,306.5625,36.7875,54.358875,54.358875,1,0
2.98,0.222,0.15,0,0.888,0.6,61.3125,61.3125,306.5625,36.7875,54.72675,54.72675,1,0
2.99,0.2235,0.15,0,0.894,0.6,61.3125,61.3125,306.5625,36.7875,55.094625,55.094625,1,0
3,0.225,0.15,0,0.9,0.6,61.3125,61.3125,306.5625,36.7875,55.4625,55.4625,1,0
3.01,0.2265,0.15,0,0.906,0.6,61.3125,61.3125,306.5625,36.7875,55.830375,55.830375,1,0
3.02,0.228,0.15,0,0.912,0.6,61.3125,61.3125,306.5625,36.7875,56.19825,56.19825,1,0
3.03,0.2295,0.15,0,0.918,0.6,61.3125,61.3125,306.5625,36.7875,56.566125,56.566125,1,0
3.04,0.231,0.15,0,0.924,0.6,61.3125,61.3125,306.5625,36.7875,56.934,56.934,1,0
3.05,0.2325,0.15,0,0.93,0.6,61.3125,61.3125,306.5625,36.7875,57.301875,57.301875,1,0
3.06,0.234,0.15,0,0.936,0.6,61.3125,61.3125,306.5625,36.7875,57.66975,57.66975,1,0
3.07,0.2355,0.15,0,0.942,0.6,61.3125,61.3125,306.5625,36.7875,58.037625,58.037625,1,0
3.08,0.237,0.15,0,0.948,0.6,61.3125,61.3125,306.5625,36.7875,58.4055,58.4055,1,0
3.09,0.2385,0.15,0,0.954,0.6,61.3125,61.3125,306.5625,36.7875,58.773375,58.773375,1,0
3.1,0.24,0.15,0,0.96,0.6,61.3125,61.3125,306.5625,36.7875,59.14125,59.14125,1,0
3.11,0.2415,0.15,0,0.966,0.6,61.3125,61.3125,306.5625,36.7875,59.509125,59.509125,1,0
3.12,0.243,0.15,0,0.972,0.6,61.3125,61.3125,306.5625,36.7875,59.877,59.877,1,0
3.13,0.2445,0.15,0,0.978,0.6,61.3125,61.3125,306.5625,36.7875,60.244875,60.244875,1,0
3.14,0.246,0.15,0,0.984,0.6,61.3125,61.3125,306.5625,36.7875,60.61275,60.61275,1,0
3.15,0.2475,0.15,0,0.99,0.6,61.3125,61.3125,306.5625,36.7875,60.980625,60.980625,1,0
3.16,0.249,0.15,0,0.996,0.6,61.3125,61.3125,306.5625,36.7875,61.3485,61.3485,1,0
3.17,0.2505,0.15,0,1.002,0.6,61.3125,61.3125,306.5625,36.7875,61.716375,61.716375,1,0
3.18,0.252,0.15,0,1.008,0.6,61.3125,61.3125,306.5625,36.7875,62.08425,62.08425,1,0
3.19,0.2535,0.15,0,1.014,0.6,61.3125,61.3125,306.5625,36.7875,62.452125,62.452125,1,0
3.2,0.255,0.15,0,1.02,0.6,61.3125,61.3125,306.5625,36.7875,62.82,62.82,1,0
3.21,0.2565,0.15,0,1.026,0.6,61.3125,61.3125,306.5625,36.7875,63.187875,63.187875,1,0
3.22,0.258,0.15,0,1.032,0.6,61.3125,61.3125,306.5625,36.7875,63.55575,63.55575,1,0
3.23,0.2595,0.15,0,1.038,0.6,61.3125,61.3125,306.5625,36.7875,63.923625,63.923625,1,0
3.24,0.261,0.15,0,1.044,0.6,61.3125,61.3125,306.5625,36.7875,64.2915,64.2915,1,0
3.25,0.2625,0.15,0,1.05,0.6,61.3125,61.3125,306.5625,36.7875,64.659375,64.659375,1,0
3.26,0.264,0.15,0,1.056,0.6,61.3125,61.3125,306.5625,36.7875,65.02725,65.02725,1,0
3.27,0.2655,0.15,0,1.062,0.6,61.3125,61.3125,306.5625,36.7875,65.395125,65.395125,1,0
3.28,0.267,0.15,0,1.068,0.6,61.3125,61.3125,306.5625,36.7875,65.763,65.763,1,0
3.29,0.2685,0.15,0,1.074,0.6,61.3125,61.3125,306.5625,36.7875,66.130875,66.130875,1,0
3.3,0.27,0.15,0,1.08,0.6,61.3125,61.3125,306.5625,36.7875,66.49875,66.49875,1,0
3.31,0.2715,0.15,0,1.086,0.6,61.3125,61.3125,306.5625,36.7875,66.866625,66.866625,1,0
3.32,0.273,0.15,0,1.092,0.6,61.3125,61.3125,306.5625,36.7875,67.2345,67.2345,1,0
3.33,0.2745,0.15,0,1.098,0.6,61.3125,61.3125,306.5625,36.7875,67.602375,67.602375,1,0
3.34,0.276,0.15,0,1.104,0.6,61.3125,61.3125,306.5625,36.7875,67.97025,67.97025,1,0
3.35,0.2775,0.15,0,1.11,0.6,61.3125,61.3125,306.5625,36.7875,68.338125,68.338125,1,0
3.36,0.279,0.15,0,1.116,0.6,61.3125,61.3125,306.5625,36.7875,68.706,68.706,1,0
3.37,0.2805,0.15,0,1.122,0.6,61.3125,61.3125,306.5625,36.7875,69.073875,69.073875,1,0
3.38,0.282,0.15,0,1.128,0.6,61.3125,61.3125,306.5625,36.7875,69.44175,69.44175,1,0
3.39,0.2835,0.15,0,1.134,0.6,61.3125,61.3125,306.5625,36.7875,69.809625,69.809625,1,0
3.4,0.285,0.15,0,1.14,0.6,61.3125,61.3125,306.5625,36.7875,70.1775,70.1775,1,0
3.41,0.2865,0.15,0,1.146,0.6,61.3125,61.3125,306.5625,36.7875,70.545375,70.545375,1,0
3.42,0.288,0.15,0,1.152,0.6,61.3125,61.3125,306.5625,36.7875,70.91325,70.91325,1,0
3.43,0.2895,0.15,0,1.158,0.6,61.3125,61.3125,306.5625,36.7875,71.281125,71.281125,1,0
3.44,0.291,0.15,0,1.164,0.6,61.3125,61.3125,306.5625,36.7875,71.649,71.649,1,0
3.45,0.2925,0.15,0,1.17,0.6,61.3125,61.3125,306.5625,36.7875,72.016875,72.016875,1,0
3.46,0.294,0.15,0,1.176,0.6,61.3125,61.3125,306.5625,36.7875,72.38475,72.38475,1,0
3.47,0.2955,0.15,0,1.182,0.6,61.3125,61.3125,306.5625,36.7875,72.752625,72.752625,1,0
3.48,0.297,0.15,0,1.188,0.6,61.3125,61.3125,306.5625,36.7875,73.1205,73.1205,1,0
3.49,0.2985,0.15,0,1.194,0.6,61.3125,61.3125,306.5625,36.7875,73.488375,73.488375,1,0
3.5,0.3,0.15,0,1.2,0.6,61.3125,61.3125,306.5625,36.7875,73.85625,73.85625,1,0
3.51,0.3015,0.15,0,1.206,0.6,61.3125,61.3125,306.5625,36.7875,74.224125,74.224125,1,0
3.52,0.303,0.15,0,1.212,0.6,61.3125,61.3125,306.5625,36.7875,74.592,74.592,1,0
3.53,0.3045,0.15,0,1.218,0.6,61.3125,61.3125,306.5625,36.7875,74.959875,74.959875,1,0
3.54,0.306,0.15,0,1.224,0.6,61.3125,61.3125,306.5625,36.7875,75.32775,75.32775,1,0
3.55,0.3075,0.15,0,1.23,0.6,61.3125,61.3125,306.5625,36.7875,75.695625,75.695625,1,0
3.56,0.309,0.15,0,1.236,0.6,61.3125,61.3125,306.5625,36.7875,76.0635,76.0635,1,0
3.57,0.3105,0.15,0,1.242,0.6,61.3125,61.3125,306.5625,36.7875,76.431375,76.431375,1,0
3.58,0.312,0.15,0,1.248,0.6,61.3125,61.3125,306.5625,36.7875,76.79925,76.79925,1,0
3.59,0.3135,0.15,0,1.254,0.6,61.3125,61.3125,306.5625,36.7875,77.167125,77.167125,1,0
3.6,0.315,0.15,0,1.26,0.6,61.3125,61.3125,306.5625,36.7875,77.535,77.535,1,0
3.61,0.3165,0.15,0,1.266,0.6,61.3125,61.3125,306.5625,36.7875,77.902875,77.902875,1,0
3.62,0.318,0.15,0,1.272,0.6,61.3125,61.3125,306.5625,36.7875,78.27075,78.27075,1,0
3.63,0.3195,0.15,0,1.278,0.6,61.3125,61.3125,306.5625,36.7875,78.638625,78.638625,1,0
3.64,0.321,0.15,0,1.284,0.6,61.3125,61.3125,306.5625,36.7875,79.0065,79.0065,1,0
3.65,0.3225,0.15,0,1.29,0.6,61.3125,61.3125,306.5625,36.7875,79.374375,79.374375,1,0
3.66,0.324,0.15,0,1.296,0.6,61.3125,61.3125,306.5625,36.7875,79.74225,79.74225,1,0
3.67,0.3255,0.15,0,1.302,0.6,61.3125,61.3125,306.5625,36.7875,80.110125,80.110125,1,0
3.68,0.327,0.15,0,1.308,0.6,61.3125,61.3125,306.5625,36.7875,80.478,80.478,1,0
3.69,0.3285,0.15,0,1.314,0.6,61.3125,61.3125,306.5625,36.7875,80.845875,80.845875,1,0
3.7,0.33,0.15,0,1.32,0.6,61.3125,61.3125,306.5625,36.7875,81.21375,81.21375,1,0
3.71,0.3315,0.15,0,1.326,0.6,61.3125,61.3125,306.5625,36.7875,81.581625,81.581625,1,0
3.72,0.333,0.15,0,1.332,0.6,61.3125,61.3125,306.5625,36.7875,81.9495,81.9495,1,0
3.73,0.3345,0.15,0,1.338,0.6,61.3125,61.3125,306.5625,36.7875,82.317375,82.317375,1,0
3.74,0.336,0.15,0,1.344,0.6,61.3125,61.3125,306.5625,36.7875,82.68525,82.68525,1,0
3.75,0.3375,0.15,0,1.35,0.6,61.3125,61.3125,306.5625,36.7875,83.053125,83.053125,1,0
3.76,0.339,0.15,0,1.356,0.6,61.3125,61.3125,306.5625,36.7875,83.421,83.421,1,0
3.77,0.3405,0.15,0,1.362,0.6,61.3125,61.3125,306.5625,36.7875,83.788875,83.788875,1,0
3.78,0.342,0.15,0,1.368,0.6,61.3125,61.3125,306.5625,36.7875,84.15675,84.15675,1,0
3.79,0.3435,0.15,0,1.374,0.6,61.3125,61.3125,306.5625,36.7875,84.524625,84.524625,1,0
3.8,0.345,0.15,0,1.38,0.6,61.3125,61.3125,306.5625,36.7875,84.8925,84.8925,1,0
3.81,0.3465,0.15,0,1.386,0.6,61.3125,61.3125,306.5625,36.7875,85.260375,85.260375,1,0
3.82,0.348,0.15,0,1.392,0.6,61.3125,61.3125,306.5625,36.7875,85.62825,85.62825,1,0
3.83,0.3495,0.15,0,1.398,0.6,61.3125,61.3125,306.5625,36.7875,85.996125,85.996125,1,0
3.84,0.351,0.15,0,1.404,0.6,61.3125,61.3125,306.5625,36.7875,86.364,86.364,1,0
3.85,0.3525,0.15,0,1.41,0.6,61.3125,61.3125,306.5625,36.7875,86.731875,86.731875,1,0
3.86,0.354,0.15,0,1.416,0.6,61.3125,61.3125,306.5625,36.7875,87.09975,87.09975,1,0
3.87,0.3555,0.15,0,1.422,0.6,61.3125,61.3125,306.5625,36.7875,87.467625,87.467625,1,0
3.88,0.357,0.15,0,1.428,0.6,61.3125,61.3125,306.5625,36.7875,87.8355,87.8355,1,0
3.89,0.3585,0.15,0,1.434,0.6,61.3125,61.3125,306.5625,36.7875,88.203375,88.203375,1,0
3.9,0.36,0.15,0,1.44,0.6,61.3125,61.3125,306.5625,36.7875,88.57125,88.57125,1,0
3.91,0.3615,0.15,0,1.446,0.6,61.3125,61.3125,306.5625,36.7875,88.939125,88.939125,1,0
3.92,0.363,0.15,0,1.452,0.6,61.3125,61.3125,306.5625,36.7875,89.307,89.307,1,0
3.93,0.3645,0.15,0,1.458,0.6,61.3125,61.3125,306.5625,36.7875,89.674875,89.674875,1,0
3.94,0.366,0.15,0,1.464,0.6,61.3125,61.3125,306.5625,36.7875,90.04275,90.04275,1,0
3.95,0.3675,0.15,0,1.47,0.6,61.3125,61.3125,306.5625,36.7875,90.410625,90.410625,1,0
3.96,0.369,0.15,0,1.476,0.6,61.3125,61.3125,306.5625,36.7875,90.7785,90.7785,1,0
3.97,0.3705,0.15,0,1.482,0.6,61.3125,61.3125,306.5625,36.7875,91.146375,91.146375,1,0
3.98,0.372,0.15,0,1.488,0.6,61.3125,61.3125,306.5625,36.7875,91.51425,91.51425,1,0
3.99,0.3735,0.15,0,1.494,0.6,61.3125,61.3125,306.5625,36.7875,91.882125,91.882125,1,0
4,0.375,0.15,0,1.5,0.6,61.3125,61.3125,306.5625,36.7875,92.25,92.25,1,0
4.01,0.3765,0.15,0,1.506,0.6,61.3125,61.3125,306.5625,36.7875,92.617875,92.617875,1,0
4.02,0.378,0.15,0,1.512,0.6,61.3125,61.3125,306.5625,36.7875,92.98575,92.98575,1,0
4.03,0.3795,0.15,0,1.518,0.6,61.3125,61.3125,306.5625,36.7875,93.353625,93.353625,1,0
4.04,0.381,0.15,0,1.524,0.6,61.3125,61.3125,306.5625,36.7875,93.7215,93.7215,1,0
4.05,0.3825,0.15,0,1.53,0.6,61.3125,61.3125,306.5625,36.7875,94.089375,94.089375,1,0
4.06,0.384,0.15,0,1.536,0.6,61.3125,61.3125,306.5625,36.7875,94.45725,94.45725,1,0
4.07,0.3855,0.15,0,1.542,0.6,61.3125,61.3125,306.5625,36.7875,94.825125,94.825125,1,0
4.08,0.387,0.15,0,1.548,0.6,61.3125,61.3125,306.5625,36.7875,95.193,95.193,1,0
4.09,0.3885,0.15,0,1.554,0.6,61.3125,61.3125,306.5625,36.7875,95.560875,95.560875,1,0
4.1,0.39,0.15,0,1.56,0.6,61.3125,61.3125,306.5625,36.7875,95.92875,95.92875,1,0
4.11,0.3915,0.15,0,1.566,0.6,61.3125,61.3125,306.5625,36.7875,96.296625,96.296625,1,0
4.12,0.393,0.15,0,1.572,0.6,61.3125,61.3125,306.5625,36.7875,96.6645,96.6645,1,0
4.13,0.3945,0.15,0,1.578,0.6,61.3125,61.3125,306.5625,36.7875,97.032375,97.032375,1,0
4.14,0.396,0.15,0,1.584,0.6,61.3125,61.3125,306.5625,36.7875,97.40025,97.40025,1,0
4.15,0.3975,0.15,0,1.59,0.6,61.3125,61.3125,306.5625,36.7875,97.768125,97.768125,1,0
4.16,0.399,0.15,0,1.596,0.6,61.3125,61.3125,306.5625,36.7875,98.136,98.136,1,0
4.17,0.4005,0.15,0,1.602,0.6,61.3125,61.3125,306.5625,36.7875,98.503875,98.503875,1,0
4.18,0.402,0.15,0,1.608,0.6,61.3125,61.3125,306.5625,36.7875,98.87175,98.87175,1,0
4.19,0.4035,0.15,0,1.614,0.6,61.3125,61.3125,306.5625,36.7875,99.239625,99.239625,1,0
4.2,0.405,0.15,0,1.62,0.6,61.3125,61.3125,306.5625,36.7875,99.6075,99.6075,1,0
4.21,0.4065,0.15,0,1.626,0.6,61.3125,61.3125,306.5625,36.7875,99.975375,99.975375,1,0
4.22,0.408,0.15,0,1.632,0.6,61.3125,61.3125,306.5625,36.7875,100.34325,100.34325,1,0
4.23,0.4095,0.15,0,1.638,0.6,61.3125,61.3125,306.5625,36.7875,100.711125,100.711125,1,0
4.24,0.411,0.15,0,1.644,0.6,61.3125,61.3125,306.5625,36.7875,101.079,101.079,1,0
4.25,0.4125,0.15,0,1.65,0.6,61.3125,61.3125,306.5625,36.7875,101.446875,101.446875,1,0
4.26,0.414,0.15,0,1.656,0.6,61.3125,61.3125,306.5625,36.7875,101.81475,101.81475,1,0
4.27,0.4155,0.15,0,1.662,0.6,61.3125,61.3125,306.5625,36.7875,102.182625,102.182625,1,0
4.28,0.417,0.15,0,1.668,0.6,61.3125,61.3125,306.5625,36.7875,102.5505,102.5505,1,0
4.29,0.4185,0.15,0,1.674,0.6,61.3125,61.3125,306.5625,36.7875,102.918375,102.918375,1,0
4.3,0.42,0.15,0,1.68,0.6,61.3125,61.3125,306.5625,36.7875,103.28625,103.28625,1,0
4.31,0.4215,0.15,0,1.686,0.6,61.3125,61.3125,306.5625,36.7875,103.654125,103.654125,1,0
4.32,0.423,0.15,0,1.692,0.6,61.3125,61.3125,306.5625,36.7875,104.022,104.022,1,0
4.33,0.4245,0.15,0,1.698,0.6,61.3125,61.3125,306.5625,36.7875,104.389875,104.389875,1,0
4.34,0.426,0.15,0,1.704,0.6,61.3125,61.3125,306.5625,36.7875,104.75775,104.75775,1,0
4.35,0.4275,0.15,0,1.71,0.6,61.3125,61.3125,306.5625,36.7875,105.125625,105.125625,1,0
4.36,0.429,0.15,0,1.716,0.6,61.3125,61.3125,306.5625,36.7875,105.4935,105.4935,1,0
4.37,0.4305,0.15,0,1.722,0.6,61.3125,61.3125,306.5625,36.7875,105.861375,105.861375,1,0
4.38,0.432,0.15,0,1.728,0.6,61.3125,61.3125,306.5625,36.7875,106.22925,106.22925,1,0
4.39,0.4335,0.15,0,1.734,0.6,61.3125,61.3125,306.5625,36.7875,106.597125,106.597125,1,0
4.4,0.435,0.15,0,1.74,0.6,61.3125,61.3125,306.5625,36.7875,106.965,106.965,1,0
4.41,0.4365,0.15,0,1.746,0.6,61.3125,61.3125,306.5625,36.7875,107.332875,107.332875,1,0
4.42,0.438,0.15,0,1.752,0.6,61.3125,61.3125,306.5625,36.7875,107.70075,107.70075,1,0
4.43,0.4395,0.15,0,1.758,0.6,61.3125,61.3125,306.5625,36.7875,108.068625,108.068625,1,0
4.44,0.441,0.15,0,1.764,0.6,61.3125,61.3125,306.5625,36.7875,108.4365,108.4365,1,0
4.45,0.4425,0.15,0,1.77,0.6,61.3125,61.3125,306.5625,36.7875,108.804375,108.804375,1,0
4.46,0.444,0.15,0,1.776,0.6,61.3125,61.3125,306.5625,36.7875,109.17225,109.17225,1,0
4.47,0.4455,0.15,0,1.782,0.6,61.3125,61.3125,306.5625,36.7875,109.540125,109.540125,1,0
4.48,0.447,0.15,0,1.788,0.6,61.3125,61.3125,306.5625,36.7875,109.908,109.908,1,0
4.49,0.4485,0.15,0,1.794,0.6,61.3125,61.3125,306.5625,36.7875,110.275875,110.275875,1,0
4.5,0.45,0.15,0,1.8,0.6,61.3125,61.3125,306.5625,36.7875,110.64375,110.64375,1,0
4.51,0.4515,0.15,0,1.806,0.6,61.3125,61.3125,306.5625,36.7875,111.011625,111.011625,1,0
4.52,0.453,0.15,0,1.812,0.6,61.3125,61.3125,306.5625,36.7875,111.3795,111.3795,1,0
4.53,0.4545,0.15,0,1.818,0.6,61.3125,61.3125,306.5625,36.7875,111.747375,111.747375,1,0
4.54,0.456,0.15,0,1.824,0.6,61.3125,61.3125,306.5625,36.7875,112.11525,112.11525,1,0
4.55,0.4575,0.15,0,1.83,0.6,61.3125,61.3125,306.5625,36.7875,112.483125,112.483125,1,0
4.56,0.459,0.15,0,1.836,0.6,61.3125,61.3125,306.5625,36.7875,112.851,112.851,1,0
4.57,0.4605,0.15,0,1.842,0.6,61.3125,61.3125,306.5625,36.7875,113.218875,113.218875,1,0
4.58,0.462,0.15,0,1.848,0.6,61.3125,61.3125,306.5625,36.7875,113.58675,113.58675,1,0
4.59,0.4635,0.15,0,1.854,0.6,61.3125,61.3125,306.5625,36.7875,113.954625,113.954625,1,0
4.6,0.465,0.15,0,1.86,0.6,61.3125,61.3125,306.5625,36.7875,114.3225,114.3225,1,0
4.61,0.4665,0.15,0,1.866,0.6,61.3125,61.3125,306.5625,36.7875,114.690375,114.690375,1,0
4.62,0.468,0.15,0,1.872,0.6,61.3125,61.3125,306.5625,36.7875,115.05825,115.05825,1,0
4.63,0.4695,0.15,0,1.878,0.6,61.3125,61.3125,306.5625,36.7875,115.426125,115.426125,1,0
4.64,0.471,0.15,0,1.884,0.6,61.3125,61.3125,306.5625,36.7875,115.794,115.794,1,0
4.65,0.4725,0.15,0,1.89,0.6,61.3125,61.3125,306.5625,36.7875,116.161875,116.161875,1,0
4.66,0.474,0.15,0,1.896,0.6,61.3125,61.3125,306.5625,36.7875,116.52975,116.52975,1,0
4.67,0.4755,0.15,0,1.902,0.6,61.3125,61.3125,306.5625,36.7875,116.897625,116.897625,1,0
4.68,0.477,0.15,0,1.908,0.6,61.3125,61.3125,306.5625,36.7875,117.2655,117.2655,1,0
4.69,0.4785,0.15,0,1.914,0.6,61.3125,61.3125,306.5625,36.7875,117.633375,117.633375,1,0
4.7,0.48,0.15,0,1.92,0.6,61.3125,61.3125,306.5625,36.7875,118.00125,118.00125,1,0
4.71,0.4815,0.15,0,1.926,0.6,61.3125,61.3125,306.5625,36.7875,118.369125,118.369125,1,0
4.72,0.483,0.15,0,1.932,0.6,61.3125,61.3125,306.5625,36.7875,118.737,118.737,1,0
4.73,0.4845,0.15,0,1.938,0.6,61.3125,61.3125,306.5625,36.7875,119.104875,119.104875,1,0
4.74,0.486,0.15,0,1.944,0.6,61.3125,61.3125,306.5625,36.7875,119.47275,119.47275,1,0
4.75,0.4875,0.15,0,1.95,0.6,61.3125,61.3125,306.5625,36.7875,119.840625,119.840625,1,0
4.76,0.489,0.15,0,1.956,0.6,61.3125,61.3125,306.5625,36.7875,120.2085,120.2085,1,0
4.77,0.4905,0.15,0,1.962,0.6,61.3125,61.3125,306.5625,36.7875,120.576375,120.576375,1,0
4.78,0.492,0.15,0,1.968,0.6,61.3125,61.3125,306.5625,36.7875,120.94425,120.94425,1,0
4.79,0.4935,0.15,0,1.974,0.6,61.3125,61.3125,306.5625,36.7875,121.312125,121.312125,1,0
4.8,0.495,0.15,0,1.98,0.6,61.3125,61.3125,306.5625,36.7875,121.68,121.68,1,0
4.81,0.4965,0.15,0,1.986,0.6,61.3125,61.3125,306.5625,36.7875,122.047875,122.047875,1,0
4.82,0.498,0.15,0,1.992,0.6,61.3125,61.3125,306.5625,36.7875,122.41575,122.41575,1,0
4.83,0.4995,0.15,0,1.998,0.6,61.3125,61.3125,306.5625,36.7875,122.783625,122.783625,1,0
4.84,0.501,0.15,0,2.004,0.6,61.3125,61.3125,306.5625,36.7875,123.1515,123.1515,1,0
4.85,0.5025,0.15,0,2.01,0.6,61.3125,61.3125,306.5625,36.7875,123.519375,123.519375,1,0
4.86,0.504,0.15,0,2.016,0.6,61.3125,61.3125,306.5625,36.7875,123.88725,123.88725,1,0
4.87,0.5055,0.15,0,2.022,0.6,61.3125,61.3125,306.5625,36.7875,124.255125,124.255125,1,0
4.88,0.507,0.15,0,2.028,0.6,61.3125,61.3125,306.5625,36.7875,124.623,124.623,1,0
4.89,0.5085,0.15,0,2.034,0.6,61.3125,61.3125,306.5625,36.7875,124.990875,124.990875,1,0
4.9,0.51,0.15,0,2.04,0.6,61.3125,61.3125,306.5625,36.7875,125.35875,125.35875,1,0
4.91,0.5115,0.15,0,2.046,0.6,61.3125,61.3125,306.5625,36.7875,125.726625,125.726625,1,0
4.92,0.513,0.15,0,2.052,0.6,61.3125,61.3125,306.5625,36.7875,126.0945,126.0945,1,0
4.93,0.5145,0.15,0,2.058,0.6,61.3125,61.3125,306.5625,36.7875,126.462375,126.462375,1,0
4.94,0.516,0.15,0,2.064,0.6,61.3125,61.3125,306.5625,36.7875,126.83025,126.83025,1,0
4.95,0.5175,0.15,0,2.07,0.6,61.3125,61.3125,306.5625,36.7875,127.198125,127.198125,1,0
4.96,0.519,0.15,0,2.076,0.6,61.3125,61.3125,306.5625,36.7875,127.566,127.566,1,0
4.97,0.5205,0.15,0,2.082,0.6,61.3125,61.3125,306.5625,36.7875,127.933875,127.933875,1,0
4.98,0.522,0.15,0,2.088,0.6,61.3125,61.3125,306.5625,36.7875,128.30175,128.30175,1,0
4.99,0.5235,0.15,0,2.094,0.6,61.3125,61.3125,306.5625,36.7875,128.669625,128.669625,1,0
5,0.525,0.15,0,2.1,0.6,61.3125,61.3125,306.5625,36.7875,129.0375,129.0375,1,0
5.01,0.5265,0.15,0,2.106,0.6,61.3125,61.3125,306.5625,36.7875,129.405375,129.405375,1,0
5.02,0.528,0.15,0,2.112,0.6,61.3125,61.3125,306.5625,36.7875,129.77325,129.77325,1,0
5.03,0.5295,0.15,0,2.118,0.6,61.3125,61.3125,306.5625,36.7875,130.141125,130.141125,1,0
5.04,0.531,0.15,0,2.124,0.6,61.3125,61.3125,306.5625,36.7875,130.509,130.509,1,0
5.05,0.5325,0.15,0,2.13,0.6,61.3125,61.3125,306.5625,36.7875,130.876875,130.876875,1,0
5.06,0.534,0.15,0,2.136,0.6,61.3125,61.3125,306.5625,36.7875,131.24475,131.24475,1,0
5.07,0.5355,0.15,0,2.142,0.6,61.3125,61.3125,306.5625,36.7875,131.612625,131.612625,1,0
5.08,0.537,0.15,0,2.148,0.6,61.3125,61.3125,306.5625,36.7875,131.9805,131.9805,1,0
5.09,0.5385,0.15,0,2.154,0.6,61.3125,61.3125,306.5625,36.7875,132.348375,132.348375,1,0
5.1,0.54,0.15,0,2.16,0.6,61.3125,61.3125,306.5625,36.7875,132.71625,132.71625,1,0
5.11,0.5415,0.15,0,2.166,0.6,61.3125,61.3125,306.5625,36.7875,133.084125,133.084125,1,0
5.12,0.543,0.15,0,2.172,0.6,61.3125,61.3125,306.5625,36.7875,133.452,133.452,1,0
5.13,0.5445,0.15,0,2.178,0.6,61.3125,61.3125,306.5625,36.7875,133.819875,133.819875,1,0
5.14,0.546,0.15,0,2.184,0.6,61.3125,61.3125,306.5625,36.7875,134.18775,134.18775,1,0
5.15,0.5475,0.15,0,2.19,0.6,61.3125,61.3125,306.5625,36.7875,134.555625,134.555625,1,0
5.16,0.549,0.15,0,2.196,0.6,61.3125,61.3125,306.5625,36.7875,134.9235,134.9235,1,0
5.17,0.5505,0.15,0,2.202,0.6,61.3125,61.3125,306.5625,36.7875,135.291375,135.291375,1,0
5.18,0.552,0.15,0,2.208,0.6,61.3125,61.3125,306.5625,36.7875,135.65925,135.65925,1,0
5.19,0.5535,0.15,0,2.214,0.6,61.3125,61.3125,306.5625,36.7875,136.027125,136.027125,1,0
5.2,0.555,0.15,0,2.22,0.6,61.3125,61.3125,306.5625,36.7875,136.395,136.395,1,0
5.21,0.5565,0.15,0,2.226,0.6,61.3125,61.3125,306.5625,36.7875,136.762875,136.762875,1,0
5.22,0.558,0.15,0,2.232,0.6,61.3125,61.3125,306.5625,36.7875,137.13075,137.13075,1,0
5.23,0.5595,0.15,0,2.238,0.6,61.3125,61.3125,306.5625,36.7875,137.498625,137.498625,1,0
5.24,0.561,0.15,0,2.244,0.6,61.3125,61.3125,306.5625,36.7875,137.8665,137.8665,1,0
5.25,0.5625,0.15,0,2.25,0.6,61.3125,61.3125,306.5625,36.7875,138.234375,138.234375,1,0
5.26,0.564,0.15,0,2.256,0.6,61.3125,61.3125,306.5625,36.7875,138.60225,138.60225,1,0
5.27,0.5655,0.15,0,2.262,0.6,61.3125,61.3125,306.5625,36.7875,138.970125,138.970125,1,0
5.28,0.567,0.15,0,2.268,0.6,61.3125,61.3125,306.5625,36.7875,139.338,139.338,1,0
5.29,0.5685,0.15,0,2.274,0.6,61.3125,61.3125,306.5625,36.7875,139.705875,139.705875,1,0
5.3,0.57,0.15,0,2.28,0.6,61.3125,61.3125,306.5625,36.7875,140.07375,140.07375,1,0
5.31,0.5715,0.15,0,2.286,0.6,61.3125,61.3125,306.5625,36.7875,140.441625,140.441625,1,0
5.32,0.573,0.15,0,2.292,0.6,61.3125,61.3125,306.5625,36.7875,140.8095,140.8095,1,0
5.33,0.5745,0.15,0,2.298,0.6,61.3125,61.3125,306.5625,36.7875,141.177375,141.177375,1,0
5.34,0.576,0.15,0,2.304,0.6,61.3125,61.3125,306.5625,36.7875,141.54525,141.54525,1,0
5.35,0.5775,0.15,0,2.31,0.6,61.3125,61.3125,306.5625,36.7875,141.913125,141.913125,1,0
5.36,0.579,0.15,0,2.316,0.6,61.3125,61.3125,306.5625,36.7875,142.281,142.281,1,0
5.37,0.5805,0.15,0,2.322,0.6,61.3125,61.3125,306.5625,36.7875,142.648875,142.648875,1,0
5.38,0.582,0.15,0,2.328,0.6,61.3125,61.3125,306.5625,36.7875,143.01675,143.01675,1,0
5.39,0.5835,0.15,0,2.334,0.6,61.3125,61.3125,306.5625,36.7875,143.384625,143.384625,1,0
5.4,0.585,0.15,0,2.34,0.6,61.3125,61.3125,306.5625,36.7875,143.7525,143.7525,1,0
5.41,0.5865,0.15,0,2.346,0.6,61.3125,61.3125,306.5625,36.7875,144.120375,144.120375,1,0
5.42,0.588,0.15,0,2.352,0.6,61.3125,61.3125,306.5625,36.7875,144.48825,144.48825,1,0
5.43,0.5895,0.15,0,2.358,0.6,61.3125,61.3125,306.5625,36.7875,144.856125,144.856125,1,0
5.44,0.591,0.15,0,2.364,0.6,61.3125,61.3125,306.5625,36.7875,145.224,145.224,1,0
5.45,0.5925,0.15,0,2.37,0.6,61.3125,61.3125,306.5625,36.7875,145.591875,145.591875,1,0
5.46,0.594,0.15,0,2.376,0.6,61.3125,61.3125,306.5625,36.7875,145.95975,145.95975,1,0
5.47,0.5955,0.15,0,2.382,0.6,61.3125,61.3125,306.5625,36.7875,146.327625,146.327625,1,0
5.48,0.597,0.15,0,2.388,0.6,61.3125,61.3125,306.5625,36.7875,146.6955,146.6955,1,0
5.49,0.5985,0.15,0,2.394,0.6,61.3125,61.3125,306.5625,36.7875,147.063375,147.063375,1,0
5.5,0.6,0.15,0,2.4,0.6,61.3125,61.3125,306.5625,36.7875,147.43125,147.43125,1,0
5.51,0.6015,0.15,0,2.406,0.6,61.3125,61.3125,306.5625,36.7875,147.799125,147.799125,1,0
5.52,0.603,0.15,0,2.412,0.6,61.3125,61.3125,306.5625,36.7875,148.167,148.167,1,0
5.53,0.6045,0.15,0,2.418,0.6,61.3125,61.3125,306.5625,36.7875,148.534875,148.534875,1,0
5.54,0.606,0.15,0,2.424,0.6,61.3125,61.3125,306.5625,36.7875,148.90275,148.90275,1,0
5.55,0.6075,0.15,0,2.43,0.6,61.3125,61.3125,306.5625,36.7875,149.270625,149.270625,1,0
5.56,0.609,0.15,0,2.436,0.6,61.3125,61.3125,306.5625,36.7875,149.6385,149.6385,1,0
5.57,0.6105,0.15,0,2.442,0.6,61.3125,61.3125,306.5625,36.7875,150.006375,150.006375,1,0
5.58,0.612,0.15,0,2.448,0.6,61.3125,61.3125,306.5625,36.7875,150.37425,150.37425,1,0
5.59,0.6135,0.15,0,2.454,0.6,61.3125,61.3125,306.5625,36.7875,150.742125,150.742125,1,0
5.6,0.615,0.15,0,2.46,0.6,61.3125,61.3125,306.5625,36.7875,151.11,151.11,1,0
5.61,0.6165,0.15,0,2.466,0.6,61.3125,61.3125,306.5625,36.7875,151.477875,151.477875,1,0
5.62,0.618,0.15,0,2.472,0.6,61.3125,61.3125,306.5625,36.7875,151.84575,151.84575,1,0
5.63,0.6195,0.15,0,2.478,0.6,61.3125,61.3125,306.5625,36.7875,152.213625,152.213625,1,0
5.64,0.621,0.15,0,2.484,0.6,61.3125,61.3125,306.5625,36.7875,152.5815,152.5815,1,0
5.65,0.6225,0.15,0,2.49,0.6,61.3125,61.3125,306.5625,36.7875,152.949375,152.949375,1,0
5.66,0.624,0.15,0,2.496,0.6,61.3125,61.3125,306.5625,36.7875,153.31725,153.31725,1,0
5.67,0.6255,0.15,0,2.502,0.6,61.3125,61.3125,306.5625,36.7875,153.685125,153.685125,1,0
5.68,0.627,0.15,0,2.508,0.6,61.3125,61.3125,306.5625,36.7875,154.053,154.053,1,0
5.69,0.6285,0.15,0,2.514,0.6,61.3125,61.3125,306.5625,36.7875,154.420875,154.420875,1,0
5.7,0.63,0.15,0,2.52,0.6,61.3125,61.3125,306.5625,36.7875,154.78875,154.78875,1,0
5.71,0.6315,0.15,0,2.526,0.6,61.3125,61.3125,306.5625,36.7875,155.156625,155.156625,1,0
5.72,0.633,0.15,0,2.532,0.6,61.3125,61.3125,306.5625,36.7875,155.5245,155.5245,1,0
5.73,0.6345,0.15,0,2.538,0.6,61.3125,61.3125,306.5625,36.7875,155.892375,155.892375,1,0
5.74,0.636,0.15,0,2.544,0.6,61.3125,61.3125,306.5625,36.7875,156.26025,156.26025,1,0
5.75,0.6375,0.15,0,2.55,0.6,61.3125,61.3125,306.5625,36.7875,156.628125,156.628125,1,0
5.76,0.639,0.15,0,2.556,0.6,61.3125,61.3125,306.5625,36.7875,156.996,156.996,1,0
5.77,0.6405,0.15,0,2.562,0.6,61.3125,61.3125,306.5625,36.7875,157.363875,157.363875,1,0
5.78,0.642,0.15,0,2.568,0.6,61.3125,61.3125,306.5625,36.7875,157.73175,157.73175,1,0
5.79,0.6435,0.15,0,2.574,0.6,61.3125,61.3125,306.5625,36.7875,158.099625,158.099625,1,0
5.8,0.645,0.15,0,2.58,0.6,61.3125,61.3125,306.5625,36.7875,158.4675,158.4675,1,0
5.81,0.6465,0.15,0,2.586,0.6,61.3125,61.3125,306.5625,36.7875,158.835375,158.835375,1,0
5.82,0.648,0.15,0,2.592,0.6,61.3125,61.3125,306.5625,36.7875,159.20325,159.20325,1,0
5.83,0.6495,0.15,0,2.598,0.6,61.3125,61.3125,306.5625,36.7875,159.571125,159.571125,1,0
5.84,0.651,0.15,0,2.604,0.6,61.3125,61.3125,306.5625,36.7875,159.939,159.939,1,0
5.85,0.6525,0.15,0,2.61,0.6,61.3125,61.3125,306.5625,36.7875,160.306875,160.306875,1,0
5.86,0.654,0.15,0,2.616,0.6,61.3125,61.3125,306.5625,36.7875,160.67475,160.67475,1,0
5.87,0.6555,0.15,0,2.622,0.6,61.3125,61.3125,306.5625,36.7875,161.042625,161.042625,1,0
5.88,0.657,0.15,0,2.628,0.6,61.3125,61.3125,306.5625,36.7875,161.4105,161.4105,1,0
5.89,0.6585,0.15,0,2.634,0.6,61.3125,61.3125,306.5625,36.7875,161.778375,161.778375,1,0
5.9,0.66,0.15,0,2.64,0.6,61.3125,61.3125,306.5625,36.7875,162.14625,162.14625,1,0
5.91,0.6615,0.15,0,2.646,0.6,61.3125,61.3125,306.5625,36.7875,162.514125,162.514125,1,0
5.92,0.663,0.15,0,2.652,0.6,61.3125,61.3125,306.5625,36.7875,162.882,162.882,1,0
5.93,0.6645,0.15,0,2.658,0.6,61.3125,61.3125,306.5625,36.7875,163.249875,163.249875,1,0
5.94,0.666,0.15,0,2.664,0.6,61.3125,61.3125,306.5625,36.7875,163.61775,163.61775,1,0
5.95,0.6675,0.15,0,2.67,0.6,61.3125,61.3125,306.5625,36.7875,163.985625,163.985625,1,0
5.96,0.669,0.15,0,2.676,0.6,61.3125,61.3125,306.5625,36.7875,164.3535,164.3535,1,0
5.97,0.6705,0.15,0,2.682,0.6,61.3125,61.3125,306.5625,36.7875,164.721375,164.721375,1,0
5.98,0.672,0.15,0,2.688,0.6,61.3125,61.3125,306.5625,36.7875,165.08925,165.08925,1,0
5.99,0.6735,0.15,0,2.694,0.6,61.3125,61.3125,306.5625,36.7875,165.457125,165.457125,1,0
6,0.675,0.15,0,2.7,0.6,61.3125,61.3125,306.5625,36.7875,165.825,165.825,1,0
6.01,0.6765,0.15,0,2.706,0.6,61.3125,61.3125,306.5625,36.7875,166.192875,166.192875,1,0
6.02,0.678,0.15,0,2.712,0.6,61.3125,61.3125,306.5625,36.7875,166.56075,166.56075,1,0
6.03,0.6795,0.15,0,2.718,0.6,61.3125,61.3125,306.5625,36.7875,166.928625,166.928625,1,0
6.04,0.681,0.15,0,2.724,0.6,61.3125,61.3125,306.5625,36.7875,167.2965,167.2965,1,0
6.05,0.6825,0.15,0,2.73,0.6,61.3125,61.3125,306.5625,36.7875,167.664375,167.664375,1,0
6.06,0.684,0.15,0,2.736,0.6,61.3125,61.3125,306.5625,36.7875,168.03225,168.03225,1,0
6.07,0.6855,0.15,0,2.742,0.6,61.3125,61.3125,306.5625,36.7875,168.400125,168.400125,1,0
6.08,0.687,0.15,0,2.748,0.6,61.3125,61.3125,306.5625,36.7875,168.768,168.768,1,0
6.09,0.6885,0.15,0,2.754,0.6,61.3125,61.3125,306.5625,36.7875,169.135875,169.135875,1,0
6.1,0.69,0.15,0,2.76,0.6,61.3125,61.3125,306.5625,36.7875,169.50375,169.50375,1,0
6.11,0.6915,0.15,0,2.766,0.6,61.3125,61.3125,306.5625,36.7875,169.871625,169.871625,1,0
6.12,0.693,0.15,0,2.772,0.6,61.3125,61.3125,306.5625,36.7875,170.2395,170.2395,1,0
6.13,0.6945,0.15,0,2.778,0.6,61.3125,61.3125,306.5625,36.7875,170.607375,170.607375,1,0
6.14,0.696,0.15,0,2.784,0.6,61.3125,61.3125,306.5625,36.7875,170.97525,170.97525,1,0
6.15,0.6975,0.15,0,2.79,0.6,61.3125,61.3125,306.5625,36.7875,171.343125,171.343125,1,0
6.16,0.699,0.15,0,2.796,0.6,61.3125,61.3125,306.5625,36.7875,171.711,171.711,1,0
6.17,0.7005,0.15,0,2.802,0.6,61.3125,61.3125,306.5625,36.7875,172.078875,172.078875,1,0
6.18,0.702,0.15,0,2.808,0.6,61.3125,61.3125,306.5625,36.7875,172.44675,172.44675,1,0
6.19,0.7035,0.15,0,2.814,0.6,61.3125,61.3125,306.5625,36.7875,172.814625,172.814625,1,0
6.2,0.705,0.15,0,2.82,0.6,61.3125,61.3125,306.5625,36.7875,173.1825,173.1825,1,0
6.21,0.7065,0.15,0,2.826,0.6,61.3125,61.3125,306.5625,36.7875,173.550375,173.550375,1,0
6.22,0.708,0.15,0,2.832,0.6,61.3125,61.3125,306.5625,36.7875,173.91825,173.91825,1,0
6.23,0.7095,0.15,0,2.838,0.6,61.3125,61.3125,306.5625,36.7875,174.286125,174.286125,1,0
6.24,0.711,0.15,0,2.844,0.6,61.3125,61.3125,306.5625,36.7875,174.654,174.654,1,0
6.25,0.7125,0.15,0,2.85,0.6,61.3125,61.3125,306.5625,36.7875,175.021875,175.021875,1,0
6.26,0.714,0.15,0,2.856,0.6,61.3125,61.3125,306.5625,36.7875,175.38975,175.38975,1,0
6.27,0.7155,0.15,0,2.862,0.6,61.3125,61.3125,306.5625,36.7875,175.757625,175.757625,1,0
6.28,0.717,0.15,0,2.868,0.6,61.3125,61.3125,306.5625,36.7875,176.1255,176.1255,1,0
6.29,0.7185,0.15,0,2.874,0.6,61.3125,61.3125,306.5625,36.7875,176.493375,176.493375,1,0
6.3,0.72,0.15,0,2.88,0.6,61.3125,61.3125,306.5625,36.7875,176.86125,176.86125,1,0
6.31,0.7215,0.15,0,2.886,0.6,61.3125,61.3125,306.5625,36.7875,177.229125,177.229125,1,0
6.32,0.723,0.15,0,2.892,0.6,61.3125,61.3125,306.5625,36.7875,177.597,177.597,1,0
6.33,0.7245,0.15,0,2.898,0.6,61.3125,61.3125,306.5625,36.7875,177.964875,177.964875,1,0
6.34,0.726,0.15,0,2.904,0.6,61.3125,61.3125,306.5625,36.7875,178.33275,178.33275,1,0
6.35,0.7275,0.15,0,2.91,0.6,61.3125,61.3125,306.5625,36.7875,178.700625,178.700625,1,0
6.36,0.729,0.15,0,2.916,0.6,61.3125,61.3125,306.5625,36.7875,179.0685,179.0685,1,0
6.37,0.7305,0.15,0,2.922,0.6,61.3125,61.3125,306.5625,36.7875,179.436375,179.436375,1,0
6.38,0.732,0.15,0,2.928,0.6,61.3125,61.3125,306.5625,36.7875,179.80425,179.80425,1,0
6.39,0.7335,0.15,0,2.934,0.6,61.3125,61.3125,306.5625,36.7875,180.172125,180.172125,1,0
6.4,0.735,0.15,0,2.94,0.6,61.3125,61.3125,306.5625,36.7875,180.54,180.54,1,0
6.41,0.7365,0.15,0,2.946,0.6,61.3125,61.3125,306.5625,36.7875,180.907875,180.907875,1,0
6.42,0.738,0.15,0,2.952,0.6,61.3125,61.3125,306.5625,36.7875,181.27575,181.27575,1,0
6.43,0.7395,0.15,0,2.958,0.6,61.3125,61.3125,306.5625,36.7875,181.643625,181.643625,1,0
6.44,0.741,0.15,0,2.964,0.6,61.3125,61.3125,306.5625,36.7875,182.0115,182.0115,1,0
6.45,0.7425,0.15,0,2.97,0.6,61.3125,61.3125,306.5625,36.7875,182.379375,182.379375,1,0
6.46,0.744,0.15,0,2.976,0.6,61.3125,61.3125,306.5625,36.7875,182.74725,182.74725,1,0
6.47,0.7455,0.15,0,2.982,0.6,61.3125,61.3125,306.5625,36.7875,183.115125,183.115125,1,0
6.48,0.747,0.15,0,2.988,0.6,61.3125,61.3125,306.5625,36.7875,183.483,183.483,1,0
6.49,0.7485,0.15,0,2.994,0.6,61.3125,61.3125,306.5625,36.7875,183.850875,183.850875,1,0
6.5,0.75,0.15,0,3,0.6,61.3125,61.3125,306.5625,36.7875,184.21875,184.21875,1,0
6.51,0.7515,0.15,0,3.006,0.6,61.3125,61.3125,306.5625,36.7875,184.586625,184.586625,1,0
6.52,0.753,0.15,0,3.012,0.6,61.3125,61.3125,306.5625,36.7875,184.9545,184.9545,1,0
6.53,0.7545,0.15,0,3.018,0.6,61.3125,61.3125,306.5625,36.7875,185.322375,185.322375,1,0
6.54,0.756,0.15,0,3.024,0.6,61.3125,61.3125,306.5625,36.7875,185.69025,185.69025,1,0
6.55,0.7575,0.15,0,3.03,0.6,61.3125,61.3125,306.5625,36.7875,186.058125,186.058125,1,0
6.56,0.759,0.15,0,3.036,0.6,61.3125,61.3125,306.5625,36.7875,186.426,186.426,1,0
6.57,0.7605,0.15,0,3.042,0.6,61.3125,61.3125,306.5625,36.7875,186.793875,186.793875,1,0
6.58,0.762,0.15,0,3.048,0.6,61.3125,61.3125,306.5625,36.7875,187.16175,187.16175,1,0
6.59,0.7635,0.15,0,3.054,0.6,61.3125,61.3125,306.5625,36.7875,187.529625,187.529625,1,0
6.6,0.765,0.15,0,3.06,0.6,61.3125,61.3125,306.5625,36.7875,187.8975,187.8975,1,0
6.61,0.7665,0.15,0,3.066,0.6,61.3125,61.3125,306.5625,36.7875,188.265375,188.265375,1,0
6.62,0.768,0.15,0,3.072,0.6,61.3125,61.3125,306.5625,36.7875,188.63325,188.63325,1,0
6.63,0.7695,0.15,0,3.078,0.6,61.3125,61.3125,306.5625,36.7875,189.001125,189.001125,1,0
6.64,0.771,0.15,0,3.084,0.6,61.3125,61.3125,306.5625,36.7875,189.369,189.369,1,0
6.65,0.7725,0.15,0,3.09,0.6,61.3125,61.3125,306.5625,36.7875,189.736875,189.736875,1,0
6.66,0.774,0.15,0,3.096,0.6,61.3125,61.3125,306.5625,36.7875,190.10475,190.10475,1,0
6.67,0.7755,0.15,0,3.102,0.6,61.3125,61.3125,306.5625,36.7875,190.472625,190.472625,1,0
6.68,0.777,0.15,0,3.108,0.6,61.3125,61.3125,306.5625,36.7875,190.8405,190.8405,1,0
6.69,0.7785,0.15,0,3.114,0.6,61.3125,61.3125,306.5625,36.7875,191.208375,191.208375,1,0
6.7,0.78,0.15,0,3.12,0.6,61.3125,61.3125,306.5625,36.7875,191.57625,191.57625,1,0
6.71,0.7815,0.15,0,3.126,0.6,61.3125,61.3125,306.5625,36.7875,191.944125,191.944125,1,0
6.72,0.783,0.15,0,3.132,0.6,61.3125,61.3125,306.5625,36.7875,192.312,192.312,1,0
6.73,0.7845,0.15,0,3.138,0.6,61.3125,61.3125,306.5625,36.7875,192.679875,192.679875,1,0
6.74,0.786,0.15,0,3.144,0.6,61.3125,61.3125,306.5625,36.7875,193.04775,193.04775,1,0
6.75,0.7875,0.15,0,3.15,0.6,61.3125,61.3125,306.5625,36.7875,193.415625,193.415625,1,0
6.76,0.789,0.15,0,3.156,0.6,61.3125,61.3125,306.5625,36.7875,193.7835,193.7835,1,0
6.77,0.7905,0.15,0,3.162,0.6,61.3125,61.3125,306.5625,36.7875,194.151375,194.151375,1,0
6.78,0.792,0.15,0,3.168,0.6,61.3125,61.3125,306.5625,36.7875,194.51925,194.51925,1,0
6.79,0.7935,0.15,0,3.174,0.6,61.3125,61.3125,306.5625,36.7875,194.887125,194.887125,1,0
6.8,0.795,0.15,0,3.18,0.6,61.3125,61.3125,306.5625,36.7875,195.255,195.255,1,0
6.81,0.7965,0.15,0,3.186,0.6,61.3125,61.3125,306.5625,36.7875,195.622875,195.622875,1,0
6.82,0.798,0.15,0,3.192,0.6,61.3125,61.3125,306.5625,36.7875,195.99075,195.99075,1,0
6.83,0.7995,0.15,0,3.198,0.6,61.3125,61.3125,306.5625,36.7875,196.358625,196.358625,1,0
6.84,0.801,0.15,0,3.204,0.6,61.3125,61.3125,306.5625,36.7875,196.7265,196.7265,1,0
6.85,0.8025,0.15,0,3.21,0.6,61.3125,61.3125,306.5625,36.7875,197.094375,197.094375,1,0
6.86,0.804,0.15,0,3.216,0.6,61.3125,61.3125,306.5625,36.7875,197.46225,197.46225,1,0
6.87,0.8055,0.15,0,3.222,0.6,61.3125,61.3125,306.5625,36.7875,197.830125,197.830125,1,0
6.88,0.807,0.15,0,3.228,0.6,61.3125,61.3125,306.5625,36.7875,198.198,198.198,1,0
6.89,0.8085,0.15,0,3.234,0.6,61.3125,61.3125,306.5625,36.7875,198.565875,198.565875,1,0
6.9,0.81,0.15,0,3.24,0.6,61.3125,61.3125,306.5625,36.7875,198.93375,198.93375,1,0
6.91,0.8115,0.15,0,3.246,0.6,61.3125,61.3125,306.5625,36.7875,199.301625,199.301625,1,0
6.92,0.813,0.15,0,3.252,0.6,61.3125,61.3125,306.5625,36.7875,199.6695,199.6695,1,0
6.93,0.8145,0.15,0,3.258,0.6,61.3125,61.3125,306.5625,36.7875,200.037375,200.037375,1,0
6.94,0.816,0.15,0,3.264,0.6,61.3125,61.3125,306.5625,36.7875,200.40525,200.40525,1,0
6.95,0.8175,0.15,0,3.27,0.6,61.3125,61.3125,306.5625,36.7875,200.773125,200.773125,1,0
6.96,0.819,0.15,0,3.276,0.6,61.3125,61.3125,306.5625,36.7875,201.141,201.141,1,0
6.97,0.8205,0.15,0,3.282,0.6,61.3125,61.3125,306.5625,36.7875,201.508875,201.508875,1,0
6.98,0.822,0.15,0,3.288,0.6,61.3125,61.3125,306.5625,36.7875,201.87675,201.87675,1,0
6.99,0.8235,0.15,0,3.294,0.6,61.3125,61.3125,306.5625,36.7875,202.244625,202.244625,1,0
7,0.825,0.15,0,3.3,0.6,61.3125,61.3125,306.5625,36.7875,202.6125,202.6125,1,0
7.01,0.8265,0.15,0,3.306,0.6,61.3125,61.3125,306.5625,36.7875,202.980375,202.980375,1,0
7.02,0.828,0.15,0,3.312,0.6,61.3125,61.3125,306.5625,36.7875,203.34825,203.34825,1,0
7.03,0.8295,0.15,0,3.318,0.6,61.3125,61.3125,306.5625,36.7875,203.716125,203.716125,1,0
7.04,0.831,0.15,0,3.324,0.6,61.3125,61.3125,306.5625,36.7875,204.084,204.084,1,0
7.05,0.8325,0.15,0,3.33,0.6,61.3125,61.3125,306.5625,36.7875,204.451875,204.451875,1,0
7.06,0.834,0.15,0,3.336,0.6,61.3125,61.3125,306.5625,36.7875,204.81975,204.81975,1,0
7.07,0.8355,0.15,0,3.342,0.6,61.3125,61.3125,306.5625,36.7875,205.187625,205.187625,1,0
7.08,0.837,0.15,0,3.348,0.6,61.3125,61.3125,306.5625,36.7875,205.5555,205.5555,1,0
7.09,0.8385,0.15,0,3.354,0.6,61.3125,61.3125,306.5625,36.7875,205.923375,205.923375,1,0
7.1,0.84,0.15,0,3.36,0.6,61.3125,61.3125,306.5625,36.7875,206.29125,206.29125,1,0
7.11,0.8415,0.15,0,3.366,0.6,61.3125,61.3125,306.5625,36.7875,206.659125,206.659125,1,0
7.12,0.843,0.15,0,3.372,0.6,61.3125,61.3125,306.5625,36.7875,207.027,207.027,1,0
7.13,0.8445,0.15,0,3.378,0.6,61.3125,61.3125,306.5625,36.7875,207.394875,207.394875,1,0
7.14,0.846,0.15,0,3.384,0.6,61.3125,61.3125,306.5625,36.7875,207.76275,207.76275,1,0
7.15,0.8475,0.15,0,3.39,0.6,61.3125,61.3125,306.5625,36.7875,208.130625,208.130625,1,0
7.16,0.849,0.15,0,3.396,0.6,61.3125,61.3125,306.5625,36.7875,208.4985,208.4985,1,0
7.17,0.8505,0.15,0,3.402,0.6,61.3125,61.3125,306.5625,36.7875,208.866375,208.866375,1,0
7.18,0.852,0.15,0,3.408,0.6,61.3125,61.3125,306.5625,36.7875,209.23425,209.23425,1,0
7.19,0.8535,0.15,0,3.414,0.6,61.3125,61.3125,306.5625,36.7875,209.602125,209.602125,1,0
7.2,0.855,0.15,0,3.42,0.6,61.3125,61.3125,306.5625,36.7875,209.97,209.97,1,0
7.21,0.8565,0.15,0,3.426,0.6,61.3125,61.3125,306.5625,36.7875,210.337875,210.337875,1,0
7.22,0.858,0.15,0,3.432,0.6,61.3125,61.3125,306.5625,36.7875,210.70575,210.70575,1,0
7.23,0.8595,0.15,0,3.438,0.6,61.3125,61.3125,306.5625,36.7875,211.073625,211.073625,1,0
7.24,0.861,0.15,0,3.444,0.6,61.3125,61.3125,306.5625,36.7875,211.4415,211.4415,1,0
7.25,0.8625,0.15,0,3.45,0.6,61.3125,61.3125,306.5625,36.7875,211.809375,211.809375,1,0
7.26,0.864,0.15,0,3.456,0.6,61.3125,61.3125,306.5625,36.7875,212.17725,212.17725,1,0
7.27,0.8655,0.15,0,3.462,0.6,61.3125,61.3125,306.5625,36.7875,212.545125,212.545125,1,0
7.28,0.867,0.15,0,3.468,0.6,61.3125,61.3125,306.5625,36.7875,212.913,212.913,1,0
7.29,0.8685,0.15,0,3.474,0.6,61.3125,61.3125,306.5625,36.7875,213.280875,213.280875,1,0
7.3,0.87,0.15,0,3.48,0.6,61.3125,61.3125,306.5625,36.7875,213.64875,213.64875,1,0
7.31,0.8715,0.15,0,3.486,0.6,61.3125,61.3125,306.5625,36.7875,214.016625,214.016625,1,0
7.32,0.873,0.15,0,3.492,0.6,61.3125,61.3125,306.5625,36.7875,214.3845,214.3845,1,0
7.33,0.8745,0.15,0,3.498,0.6,61.3125,61.3125,306.5625,36.7875,214.752375,214.752375,1,0
7.34,0.876,0.15,0,3.504,0.6,61.3125,61.3125,306.5625,36.7875,215.12025,215.12025,1,0
7.35,0.8775,0.15,0,3.51,0.6,61.3125,61.3125,306.5625,36.7875,215.488125,215.488125,1,0
7.36,0.879,0.15,0,3.516,0.6,61.3125,61.3125,306.5625,36.7875,215.856,215.856,1,0
7.37,0.8805,0.15,0,3.522,0.6,61.3125,61.3125,306.5625,36.7875,216.223875,216.223875,1,0
7.38,0.882,0.15,0,3.528,0.6,61.3125,61.3125,306.5625,36.7875,216.59175,216.59175,1,0
7.39,0.8835,0.15,0,3.534,0.6,61.3125,61.3125,306.5625,36.7875,216.959625,216.959625,1,0
7.4,0.885,0.15,0,3.54,0.6,61.3125,61.3125,306.5625,36.7875,217.3275,217.3275,1,0
7.41,0.8865,0.15,0,3.546,0.6,61.3125,61.3125,306.5625,36.7875,217.695375,217.695375,1,0
7.42,0.888,0.15,0,3.552,0.6,61.3125,61.3125,306.5625,36.7875,218.06325,218.06325,1,0
7.43,0.8895,0.15,0,3.558,0.6,61.3125,61.3125,306.5625,36.7875,218.431125,218.431125,1,0
7.44,0.891,0.15,0,3.564,0.6,61.3125,61.3125,306.5625,36.7875,218.799,218.799,1,0
7.45,0.8925,0.15,0,3.57,0.6,61.3125,61.3125,306.5625,36.7875,219.166875,219.166875,1,0
7.46,0.894,0.15,0,3.576,0.6,61.3125,61.3125,306.5625,36.7875,219.53475,219.53475,1,0
7.47,0.8955,0.15,0,3.582,0.6,61.3125,61.3125,306.5625,36.7875,219.902625,219.902625,1,0
7.48,0.897,0.15,0,3.588,0.6,61.3125,61.3125,306.5625,36.7875,220.2705,220.2705,1,0
7.49,0.8985,0.15,0,3.594,0.6,61.3125,61.3125,306.5625,36.7875,220.638375,220.638375,1,0
7.5,0.9,0.15,0,3.6,0.6,61.3125,61.3125,306.5625,36.7875,221.00625,221.00625,1,0
7.51,0.9015,0.15,0,3.606,0.6,61.3125,61.3125,306.5625,36.7875,221.374125,221.374125,1,0
7.52,0.903,0.15,0,3.612,0.6,61.3125,61.3125,306.5625,36.7875,221.742,221.742,1,0
7.53,0.9045,0.15,0,3.618,0.6,61.3125,61.3125,306.5625,36.7875,222.109875,222.109875,1,0
7.54,0.906,0.15,0,3.624,0.6,61.3125,61.3125,306.5625,36.7875,222.47775,222.47775,1,0
7.55,0.9075,0.15,0,3.63,0.6,61.3125,61.3125,306.5625,36.7875,222.845625,222.845625,1,0
7.56,0.909,0.15,0,3.636,0.6,61.3125,61.3125,306.5625,36.7875,223.2135,223.2135,1,0
7.57,0.9105,0.15,0,3.642,0.6,61.3125,61.3125,306.5625,36.7875,223.581375,223.581375,1,0
7.58,0.912,0.15,0,3.648,0.6,61.3125,61.3125,306.5625,36.7875,223.94925,223.94925,1,0
7.59,0.9135,0.15,0,3.654,0.6,61.3125,61.3125,306.5625,36.7875,224.317125,224.317125,1,0
7.6,0.915,0.15,0,3.66,0.6,61.3125,61.3125,306.5625,36.7875,224.685,224.685,1,0
7.61,0.9165,0.15,0,3.666,0.6,61.3125,61.3125,306.5625,36.7875,225.052875,225.052875,1,0
7.62,0.918,0.15,0,3.672,0.6,61.3125,61.3125,306.5625,36.7875,225.42075,225.42075,1,0
7.63,0.9195,0.15,0,3.678,0.6,61.3125,61.3125,306.5625,36.7875,225.788625,225.788625,1,0
7.64,0.921,0.15,0,3.684,0.6,61.3125,61.3125,306.5625,36.7875,226.1565,226.1565,1,0
7.65,0.9225,0.15,0,3.69,0.6,61.3125,61.3125,306.5625,36.7875,226.524375,226.524375,1,0
7.66,0.924,0.15,0,3.696,0.6,61.3125,61.3125,306.5625,36.7875,226.89225,226.89225,1,0
7.67,0.9255,0.15,0,3.702,0.6,61.3125,61.3125,306.5625,36.7875,227.260125,227.260125,1,0
7.68,0.927,0.15,0,3.708,0.6,61.3125,61.3125,306.5625,36.7875,227.628,227.628,1,0
7.69,0.9285,0.15,0,3.714,0.6,61.3125,61.3125,306.5625,36.7875,227.995875,227.995875,1,0
7.7,0.93,0.15,0,3.72,0.6,61.3125,61.3125,306.5625,36.7875,228.36375,228.36375,1,0
7.71,0.9315,0.15,0,3.726,0.6,61.3125,61.3125,306.5625,36.7875,228.731625,228.731625,1,0
7.72,0.933,0.15,0,3.732,0.6,61.3125,61.3125,306.5625,36.7875,229.0995,229.0995,1,0
7.73,0.9345,0.15,0,3.738,0.6,61.3125,61.3125,306.5625,36.7875,229.467375,229.467375,1,0
7.74,0.936,0.15,0,3.744,0.6,61.3125,61.3125,306.5625,36.7875,229.83525,229.83525,1,0
7.75,0.9375,0.15,0,3.75,0.6,61.3125,61.3125,306.5625,36.7875,230.203125,230.203125,1,0
7.76,0.939,0.15,0,3.756,0.6,61.3125,61.3125,306.5625,36.7875,230.571,230.571,1,0
7.77,0.9405,0.15,0,3.762,0.6,61.3125,61.3125,306.5625,36.7875,230.938875,230.938875,1,0
7.78,0.942,0.15,0,3.768,0.6,61.3125,61.3125,306.5625,36.7875,231.30675,231.30675,1,0
7.79,0.9435,0.15,0,3.774,0.6,61.3125,61.3125,306.5625,36.7875,231.674625,231.674625,1,0
7.8,0.945,0.15,0,3.78,0.6,61.3125,61.3125,306.5625,36.7875,232.0425,232.0425,1,0
7.81,0.9465,0.15,0,3.786,0.6,61.3125,61.3125,306.5625,36.7875,232.410375,232.410375,1,0
7.82,0.948,0.15,0,3.792,0.6,61.3125,61.3125,306.5625,36.7875,232.77825,232.77825,1,0
7.83,0.9495,0.15,0,3.798,0.6,61.3125,61.3125,306.5625,36.7875,233.146125,233.146125,1,0
7.84,0.951,0.15,0,3.804,0.6,61.3125,61.3125,306.5625,36.7875,233.514,233.514,1,0
7.85,0.9525,0.15,0,3.81,0.6,61.3125,61.3125,306.5625,36.7875,233.881875,233.881875,1,0
7.86,0.954,0.15,0,3.816,0.6,61.3125,61.3125,306.5625,36.7875,234.24975,234.24975,1,0
7.87,0.9555,0.15,0,3.822,0.6,61.3125,61.3125,306.5625,36.7875,234.617625,234.617625,1,0
7.88,0.957,0.15,0,3.828,0.6,61.3125,61.3125,306.5625,36.7875,234.9855,234.9855,1,0
7.89,0.9585,0.15,0,3.834,0.6,61.3125,61.3125,306.5625,36.7875,235.353375,235.353375,1,0
7.9,0.96,0.15,0,3.84,0.6,61.3125,61.3125,306.5625,36.7875,235.72125,235.72125,1,0
7.91,0.9615,0.15,0,3.846,0.6,61.3125,61.3125,306.5625,36.7875,236.089125,236.089125,1,0
7.92,0.963,0.15,0,3.852,0.6,61.3125,61.3125,306.5625,36.7875,236.457,236.457,1,0
7.93,0.9645,0.15,0,3.858,0.6,61.3125,61.3125,306.5625,36.7875,236.824875,236.824875,1,0
7.94,0.966,0.15,0,3.864,0.6,61.3125,61.3125,306.5625,36.7875,237.19275,237.19275,1,0
7.95,0.9675,0.15,0,3.87,0.6,61.3125,61.3125,306.5625,36.7875,237.560625,237.560625,1,0
7.96,0.969,0.15,0,3.876,0.6,61.3125,61.3125,306.5625,36.7875,237.9285,237.9285,1,0
7.97,0.9705,0.15,0,3.882,0.6,61.3125,61.3125,306.5625,36.7875,238.296375,238.296375,1,0
7.98,0.972,0.15,0,3.888,0.6,61.3125,61.3125,306.5625,36.7875,238.66425,238.66425,1,0
7.99,0.9735,0.15,0,3.894,0.6,61.3125,61.3125,306.5625,36.7875,239.032125,239.032125,1,0
8,0.975,0.15,0,3.9,0.6,61.3125,61.3125,306.5625,36.7875,239.4,239.4,1,0
8.01,0.9765,0.15,0,3.906,0.6,61.3125,61.3125,306.5625,36.7875,239.767875,239.767875,1,0
8.02,0.978,0.15,0,3.912,0.6,61.3125,61.3125,306.5625,36.7875,240.13575,240.13575,1,0
8.03,0.9795,0.15,0,3.918,0.6,61.3125,61.3125,306.5625,36.7875,240.503625,240.503625,1,0
8.04,0.981,0.15,0,3.924,0.6,61.3125,61.3125,306.5625,36.7875,240.8715,240.8715,1,0
8.05,0.9825,0.15,0,3.93,0.6,61.3125,61.3125,306.5625,36.7875,241.239375,241.239375,1,0
8.06,0.984,0.15,0,3.936,0.6,61.3125,61.3125,306.5625,36.7875,241.60725,241.60725,1,0
8.07,0.9855,0.15,0,3.942,0.6,61.3125,61.3125,306.5625,36.7875,241.975125,241.975125,1,0
8.08,0.987,0.15,0,3.948,0.6,61.3125,61.3125,306.5625,36.7875,242.343,242.343,1,0
8.09,0.9885,0.15,0,3.954,0.6,61.3125,61.3125,306.5625,36.7875,242.710875,242.710875,1,0
8.1,0.99,0.15,0,3.96,0.6,61.3125,61.3125,306.5625,36.7875,243.07875,243.07875,1,0
8.11,0.9915,0.15,0,3.966,0.6,61.3125,61.3125,306.5625,36.7875,243.446625,243.446625,1,0
8.12,0.993,0.15,0,3.972,0.6,61.3125,61.3125,306.5625,36.7875,243.8145,243.8145,1,0
8.13,0.9945,0.15,0,3.978,0.6,61.3125,61.3125,306.5625,36.7875,244.182375,244.182375,1,0
8.14,0.996,0.15,0,3.984,0.6,61.3125,61.3125,306.5625,36.7875,244.55025,244.55025,1,0
8.15,0.9975,0.15,0,3.99,0.6,61.3125,61.3125,306.5625,36.7875,244.918125,244.918125,1,0
8.16,0.999,0.15,0,3.996,0.6,61.3125,61.3125,306.5625,36.7875,245.286,245.286,1,0
8.17,1.0005,0.15,0,4.002,0.6,61.3125,61.3125,306.5625,36.7875,245.653875,245.653875,1,0
8.18,1.002,0.15,0,4.008,0.6,61.3125,61.3125,306.5625,36.7875,246.02175,246.02175,1,0
8.19,1.0035,0.15,0,4.014,0.6,61.3125,61.3125,306.5625,36.7875,246.389625,246.389625,1,0
8.2,1.005,0.15,0,4.02,0.6,61.3125,61.3125,306.5625,36.7875,246.7575,246.7575,1,0
8.21,1.0065,0.15,0,4.026,0.6,61.3125,61.3125,306.5625,36.7875,247.125375,247.125375,1,0
8.22,1.008,0.15,0,4.032,0.6,61.3125,61.3125,306.5625,36.7875,247.49325,247.49325,1,0
8.23,1.0095,0.15,0,4.038,0.6,61.3125,61.3125,306.5625,36.7875,247.861125,247.861125,1,0
8.24,1.011,0.15,0,4.044,0.6,61.3125,61.3125,306.5625,36.7875,248.229,248.229,1,0
8.25,1.0125,0.15,0,4.05,0.6,61.3125,61.3125,306.5625,36.7875,248.596875,248.596875,1,0
8.26,1.014,0.15,0,4.056,0.6,61.3125,61.3125,306.5625,36.7875,248.96475,248.96475,1,0
8.27,1.0155,0.15,0,4.062,0.6,61.3125,61.3125,306.5625,36.7875,249.332625,249.332625,1,0
8.28,1.017,0.15,0,4.068,0.6,61.3125,61.3125,306.5625,36.7875,249.7005,249.7005,1,0
8.29,1.0185,0.15,0,4.074,0.6,61.3125,61.3125,306.5625,36.7875,250.068375,250.068375,1,0
8.3,1.02,0.15,0,4.08,0.6,61.3125,61.3125,306.5625,36.7875,250.43625,250.43625,1,0
8.31,1.0215,0.15,0,4.086,0.6,61.3125,61.3125,306.5625,36.7875,250.804125,250.804125,1,0
8.32,1.023,0.15,0,4.092,0.6,61.3125,61.3125,306.5625,36.7875,251.172,251.172,1,0
8.33,1.0245,0.15,0,4.098,0.6,61.3125,61.3125,306.5625,36.7875,251.539875,251.539875,1,0
8.34,1.026,0.15,0,4.104,0.6,61.3125,61.3125,306.5625,36.7875,251.90775,251.90775,1,0
8.35,1.0275,0.15,0,4.11,0.6,61.3125,61.3125,306.5625,36.7875,252.275625,252.275625,1,0
8.36,1.029,0.15,0,4.116,0.6,61.3125,61.3125,306.5625,36.7875,252.6435,252.6435,1,0
8.37,1.0305,0.15,0,4.122,0.6,61.3125,61.3125,306.5625,36.7875,253.011375,253.011375,1,0
8.38,1.032,0.15,0,4.128,0.6,61.3125,61.3125,306.5625,36.7875,253.37925,253.37925,1,0
8.39,1.0335,0.15,0,4.134,0.6,61.3125,61.3125,306.5625,36.7875,253.747125,253.747125,1,0
8.4,1.035,0.15,0,4.14,0.6,61.3125,61.3125,306.5625,36.7875,254.115,254.115,1,0
8.41,1.0365,0.15,0,4.146,0.6,61.3125,61.3125,306.5625,36.7875,254.482875,254.482875,1,0
8.42,1.038,0.15,0,4.152,0.6,61.3125,61.3125,306.5625,36.7875,254.85075,254.85075,1,0
8.43,1.0395,0.15,0,4.158,0.6,61.3125,61.3125,306.5625,36.7875,255.218625,255.218625,1,0
8.44,1.041,0.15,0,4.164,0.6,61.3125,61.3125,306.5625,36.7875,255.5865,255.5865,1,0
8.45,1.0425,0.15,0,4.17,0.6,61.3125,61.3125,306.5625,36.7875,255.954375,255.954375,1,0
8.46,1.044,0.15,0,4.176,0.6,61.3125,61.3125,306.5625,36.7875,256.32225,256.32225,1,0
8.47,1.0455,0.15,0,4.182,0.6,61.3125,61.3125,306.5625,36.7875,256.690125,256.690125,1,0
8.48,1.047,0.15,0,4.188,0.6,61.3125,61.3125,306.5625,36.7875,257.058,257.058,1,0
8.49,1.0485,0.15,0,4.194,0.6,61.3125,61.3125,306.5625,36.7875,257.425875,257.425875,1,0
8.5,1.05,0.15,0,4.2,0.6,61.3125,61.3125,306.5625,36.7875,257.79375,257.79375,1,0
8.51,1.0515,0.15,0,4.206,0.6,61.3125,61.3125,306.5625,36.7875,258.161625,258.161625,1,0
8.52,1.053,0.15,0,4.212,0.6,61.3125,61.3125,306.5625,36.7875,258.5295,258.5295,1,0
8.53,1.0545,0.15,0,4.218,0.6,61.3125,61.3125,306.5625,36.7875,258.897375,258.897375,1,0
8.54,1.056,0.15,0,4.224,0.6,61.3125,61.3125,306.5625,36.7875,259.26525,259.26525,1,0
8.55,1.0575,0.15,0,4.23,0.6,61.3125,61.3125,306.5625,36.7875,259.633125,259.633125,1,0
8.56,1.059,0.15,0,4.236,0.6,61.3125,61.3125,306.5625,36.7875,260.001,260.001,1,0
8.57,1.0605,0.15,0,4.242,0.6,61.3125,61.3125,306.5625,36.7875,260.368875,260.368875,1,0
8.58,1.062,0.15,0,4.248,0.6,61.3125,61.3125,306.5625,36.7875,260.73675,260.73675,1,0
8.59,1.0635,0.15,0,4.254,0.6,61.3125,61.3125,306.5625,36.7875,261.104625,261.104625,1,0
8.6,1.065,0.15,0,4.26,0.6,61.3125,61.3125,306.5625,36.7875,261.4725,261.4725,1,0
8.61,1.0665,0.15,0,4.266,0.6,61.3125,61.3125,306.5625,36.7875,261.840375,261.840375,1,0
8.62,1.068,0.15,0,4.272,0.6,61.3125,61.3125,306.5625,36.7875,262.20825,262.20825,1,0
8.63,1.0695,0.15,0,4.278,0.6,61.3125,61.3125,306.5625,36.7875,262.576125,262.576125,1,0
8.64,1.071,0.15,0,4.284,0.6,61.3125,61.3125,306.5625,36.7875,262.944,262.944,1,0
8.65,1.0725,0.15,0,4.29,0.6,61.3125,61.3125,306.5625,36.7875,263.311875,263.311875,1,0
8.66,1.074,0.15,0,4.296,0.6,61.3125,61.3125,306.5625,36.7875,263.67975,263.67975,1,0
8.67,1.0755,0.15,0,4.302,0.6,61.3125,61.3125,306.5625,36.7875,264.047625,264.047625,1,0
8.68,1.077,0.15,0,4.308,0.6,61.3125,61.3125,306.5625,36.7875,264.4155,264.4155,1,0
8.69,1.0785,0.15,0,4.314,0.6,61.3125,61.3125,306.5625,36.7875,264.783375,264.783375,1,0
8.7,1.08,0.15,0,4.32,0.6,61.3125,61.3125,306.5625,36.7875,265.15125,265.15125,1,0
8.71,1.0815,0.15,0,4.326,0.6,61.3125,61.3125,306.5625,36.7875,265.519125,265.519125,1,0
8.72,1.083,0.15,0,4.332,0.6,61.3125,61.3125,306.5625,36.7875,265.887,265.887,1,0
8.73,1.0845,0.15,0,4.338,0.6,61.3125,61.3125,306.5625,36.7875,266.254875,266.254875,1,0
8.74,1.086,0.15,0,4.344,0.6,61.3125,61.3125,306.5625,36.7875,266.62275,266.62275,1,0
8.75,1.0875,0.15,0,4.35,0.6,61.3125,61.3125,306.5625,36.7875,266.990625,266.990625,1,0
8.76,1.089,0.15,0,4.356,0.6,61.3125,61.3125,306.5625,36.7875,267.3585,267.3585,1,0
8.77,1.0905,0.15,0,4.362,0.6,61.3125,61.3125,306.5625,36.7875,267.726375,267.726375,1,0
8.78,1.092,0.15,0,4.368,0.6,61.3125,61.3125,306.5625,36.7875,268.09425,268.09425,1,0
8.79,1.0935,0.15,0,4.374,0.6,61.3125,61.3125,306.5625,36.7875,268.462125,268.462125,1,0
8.8,1.095,0.15,0,4.38,0.6,61.3125,61.3125,306.5625,36.7875,268.83,268.83,1,0
8.81,1.0965,0.15,0,4.386,0.6,61.3125,61.3125,306.5625,36.7875,269.197875,269.197875,1,0
8.82,1.098,0.15,0,4.392,0.6,61.3125,61.3125,306.5625,36.7875,269.56575,269.56575,1,0
8.83,1.0995,0.15,0,4.398,0.6,61.3125,61.3125,306.5625,36.7875,269.933625,269.933625,1,0
8.84,1.101,0.15,0,4.404,0.6,61.3125,61.3125,306.5625,36.7875,270.3015,270.3015,1,0
8.85,1.1025,0.15,0,4.41,0.6,61.3125,61.3125,306.5625,36.7875,270.669375,270.669375,1,0
8.86,1.104,0.15,0,4.416,0.6,61.3125,61.3125,306.5625,36.7875,271.03725,271.03725,1,0
8.87,1.1055,0.15,0,4.422,0.6,61.3125,61.3125,306.5625,36.7875,271.405125,271.405125,1,0
8.88,1.107,0.15,0,4.428,0.6,61.3125,61.3125,306.5625,36.7875,271.773,271.773,1,0
8.89,1.1085,0.15,0,4.434,0.6,61.3125,61.3125,306.5625,36.7875,272.140875,272.140875,1,0
8.9,1.11,0.15,0,4.44,0.6,61.3125,61.3125,306.5625,36.7875,272.50875,272.50875,1,0
8.91,1.1115,0.15,0,4.446,0.6,61.3125,61.3125,306.5625,36.7875,272.876625,272.876625,1,0
8.92,1.113,0.15,0,4.452,0.6,61.3125,61.3125,306.5625,36.7875,273.2445,273.2445,1,0
8.93,1.1145,0.15,0,4.458,0.6,61.3125,61.3125,306.5625,36.7875,273.612375,273.612375,1,0
8.94,1.116,0.15,0,4.464,0.6,61.3125,61.3125,306.5625,36.7875,273.98025,273.98025,1,0
8.95,1.1175,0.15,0,4.47,0.6,61.3125,61.3125,306.5625,36.7875,274.348125,274.348125,1,0
8.96,1.119,0.15,0,4.476,0.6,61.3125,61.3125,306.5625,36.7875,274.716,274.716,1,0
8.97,1.1205,0.15,0,4.482,0.6,61.3125,61.3125,306.5625,36.7875,275.083875,275.083875,1,0
8.98,1.122,0.15,0,4.488,0.6,61.3125,61.3125,306.5625,36.7875,275.45175,275.45175,1,0
8.99,1.1235,0.15,0,4.494,0.6,61.3125,61.3125,306.5625,36.7875,275.819625,275.819625,1,0
9,1.125,0.15,0,4.5,0.6,61.3125,61.3125,306.5625,36.7875,276.1875,276.1875,1,0
9.01,1.1265,0.15,0,4.506,0.6,61.3125,61.3125,306.5625,36.7875,276.555375,276.555375,1,0
9.02,1.128,0.15,0,4.512,0.6,61.3125,61.3125,306.5625,36.7875,276.92325,276.92325,1,0
9.03,1.1295,0.15,0,4.518,0.6,61.3125,61.3125,306.5625,36.7875,277.291125,277.291125,1,0
9.04,1.131,0.15,0,4.524,0.6,61.3125,61.3125,306.5625,36.7875,277.659,277.659,1,0
9.05,1.1325,0.15,0,4.53,0.6,61.3125,61.3125,306.5625,36.7875,278.026875,278.026875,1,0
9.06,1.134,0.15,0,4.536,0.6,61.3125,61.3125,306.5625,36.7875,278.39475,278.39475,1,0
9.07,1.1355,0.15,0,4.542,0.6,61.3125,61.3125,306.5625,36.7875,278.762625,278.762625,1,0
9.08,1.137,0.15,0,4.548,0.6,61.3125,61.3125,306.5625,36.7875,279.1305,279.1305,1,0
9.09,1.1385,0.15,0,4.554,0.6,61.3125,61.3125,306.5625,36.7875,279.498375,279.498375,1,0
9.1,1.14,0.15,0,4.56,0.6,61.3125,61.3125,306.5625,36.7875,279.86625,279.86625,1,0
9.11,1.1415,0.15,0,4.566,0.6,61.3125,61.3125,306.5625,36.7875,280.234125,280.234125,1,0
9.12,1.143,0.15,0,4.572,0.6,61.3125,61.3125,306.5625,36.7875,280.602,280.602,1,0
9.13,1.1445,0.15,0,4.578,0.6,61.3125,61.3125,306.5625,36.7875,280.969875,280.969875,1,0
9.14,1.146,0.15,0,4.584,0.6,61.3125,61.3125,306.5625,36.7875,281.33775,281.33775,1,0
9.15,1.1475,0.15,0,4.59,0.6,61.3125,61.3125,306.5625,36.7875,281.705625,281.705625,1,0
9.16,1.149,0.15,0,4.596,0.6,61.3125,61.3125,306.5625,36.7875,282.0735,282.0735,1,0
9.17,1.1505,0.15,0,4.602,0.6,61.3125,61.3125,306.5625,36.7875,282.441375,282.441375,1,0
9.18,1.152,0.15,0,4.608,0.6,61.3125,61.3125,306.5625,36.7875,282.80925,282.80925,1,0
9.19,1.1535,0.15,0,4.614,0.6,61.3125,61.3125,306.5625,36.7875,283.177125,283.177125,1,0
9.2,1.155,0.15,0,4.62,0.6,61.3125,61.3125,306.5625,36.7875,283.545,283.545,1,0
9.21,1.1565,0.15,0,4.626,0.6,61.3125,61.3125,306.5625,36.7875,283.912875,283.912875,1,0
9.22,1.158,0.15,0,4.632,0.6,61.3125,61.3125,306.5625,36.7875,284.28075,284.28075,1,0
9.23,1.1595,0.15,0,4.638,0.6,61.3125,61.3125,306.5625,36.7875,284.648625,284.648625,1,0
9.24,1.161,0.15,0,4.644,0.6,61.3125,61.3125,306.5625,36.7875,285.0165,285.0165,1,0
9.25,1.1625,0.15,0,4.65,0.6,61.3125,61.3125,306.5625,36.7875,285.384375,285.384375,1,0
9.26,1.164,0.15,0,4.656,0.6,61.3125,61.3125,306.5625,36.7875,285.75225,285.75225,1,0
9.27,1.1655,0.15,0,4.662,0.6,61.3125,61.3125,306.5625,36.7875,286.120125,286.120125,1,0
9.28,1.167,0.15,0,4.668,0.6,61.3125,61.3125,306.5625,36.7875,286.488,286.488,1,0
9.29,1.1685,0.15,0,4.674,0.6,61.3125,61.3125,306.5625,36.7875,286.855875,286.855875,1,0
9.3,1.17,0.15,0,4.68,0.6,61.3125,61.3125,306.5625,36.7875,287.22375,287.22375,1,0
9.31,1.1715,0.15,0,4.686,0.6,61.3125,61.3125,306.5625,36.7875,287.591625,287.591625,1,0
9.32,1.173,0.15,0,4.692,0.6,61.3125,61.3125,306.5625,36.7875,287.9595,287.9595,1,0
9.33,1.1745,0.15,0,4.698,0.6,61.3125,61.3125,306.5625,36.7875,288.327375,288.327375,1,0
9.34,1.176,0.15,0,4.704,0.6,61.3125,61.3125,306.5625,36.7875,288.69525,288.69525,1,0
9.35,1.1775,0.15,0,4.71,0.6,61.3125,61.3125,306.5625,36.7875,289.063125,289.063125,1,0
9.36,1.179,0.15,0,4.716,0.6,61.3125,61.3125,306.5625,36.7875,289.431,289.431,1,0
9.37,1.1805,0.15,0,4.722,0.6,61.3125,61.3125,306.5625,36.7875,289.798875,289.798875,1,0
9.38,1.182,0.15,0,4.728,0.6,61.3125,61.3125,306.5625,36.7875,290.16675,290.16675,1,0
9.39,1.1835,0.15,0,4.734,0.6,61.3125,61.3125,306.5625,36.7875,290.534625,290.534625,1,0
9.4,1.185,0.15,0,4.74,0.6,61.3125,61.3125,306.5625,36.7875,290.9025,290.9025,1,0
9.41,1.1865,0.15,0,4.746,0.6,61.3125,61.3125,306.5625,36.7875,291.270375,291.270375,1,0
9.42,1.188,0.15,0,4.752,0.6,61.3125,61.3125,306.5625,36.7875,291.63825,291.63825,1,0
9.43,1.1895,0.15,0,4.758,0.6,61.3125,61.3125,306.5625,36.7875,292.006125,292.006125,1,0
9.44,1.191,0.15,0,4.764,0.6,61.3125,61.3125,306.5625,36.7875,292.374,292.374,1,0
9.45,1.1925,0.15,0,4.77,0.6,61.3125,61.3125,306.5625,36.7875,292.741875,292.741875,1,0
9.46,1.194,0.15,0,4.776,0.6,61.3125,61.3125,306.5625,36.7875,293.10975,293.10975,1,0
9.47,1.1955,0.15,0,4.782,0.6,61.3125,61.3125,306.5625,36.7875,293.477625,293.477625,1,0
9.48,1.197,0.15,0,4.788,0.6,61.3125,61.3125,306.5625,36.7875,293.8455,293.8455,1,0
9.49,1.1985,0.15,0,4.794,0.6,61.3125,61.3125,306.5625,36.7875,294.213375,294.213375,1,0
9.5,1.2,0.15,0,4.8,0.6,61.3125,61.3125,306.5625,36.7875,294.58125,294.58125,1,0
9.51,1.2015,0.15,0,4.806,0.6,61.3125,61.3125,306.5625,36.7875,294.949125,294.949125,1,0
9.52,1.203,0.15,0,4.812,0.6,61.3125,61.3125,306.5625,36.7875,295.317,295.317,1,0
9.53,1.2045,0.15,0,4.818,0.6,61.3125,61.3125,306.5625,36.7875,295.684875,295.684875,1,0
9.54,1.206,0.15,0,4.824,0.6,61.3125,61.3125,306.5625,36.7875,296.05275,296.05275,1,0
9.55,1.2075,0.15,0,4.83,0.6,61.3125,61.3125,306.5625,36.7875,296.420625,296.420625,1,0
9.56,1.209,0.15,0,4.836,0.6,61.3125,61.3125,306.5625,36.7875,296.7885,296.7885,1,0
9.57,1.2105,0.15,0,4.842,0.6,61.3125,61.3125,306.5625,36.7875,297.156375,297.156375,1,0
9.58,1.212,0.15,0,4.848,0.6,61.3125,61.3125,306.5625,36.7875,297.52425,297.52425,1,0
9.59,1.2135,0.15,0,4.854,0.6,61.3125,61.3125,306.5625,36.7875,297.892125,297.892125,1,0
9.6,1.215,0.15,0,4.86,0.6,61.3125,61.3125,306.5625,36.7875,298.26,298.26,1,0
9.61,1.2165,0.15,0,4.866,0.6,61.3125,61.3125,306.5625,36.7875,298.627875,298.627875,1,0
9.62,1.218,0.15,0,4.872,0.6,61.3125,61.3125,306.5625,36.7875,298.99575,298.99575,1,0
9.63,1.2195,0.15,0,4.878,0.6,61.3125,61.3125,306.5625,36.7875,299.363625,299.363625,1,0
9.64,1.221,0.15,0,4.884,0.6,61.3125,61.3125,306.5625,36.7875,299.7315,299.7315,1,0
9.65,1.2225,0.15,0,4.89,0.6,61.3125,61.3125,306.5625,36.7875,300.099375,300.099375,1,0
9.66,1.224,0.15,0,4.896,0.6,61.3125,61.3125,306.5625,36.7875,300.46725,300.46725,1,0
9.67,1.2255,0.15,0,4.902,0.6,61.3125,61.3125,306.5625,36.7875,300.835125,300.835125,1,0
9.68,1.227,0.15,0,4.908,0.6,61.3125,61.3125,306.5625,36.7875,301.203,301.203,1,0
9.69,1.2285,0.15,0,4.914,0.6,61.3125,61.3125,306.5625,36.7875,301.570875,301.570875,1,0
9.7,1.23,0.15,0,4.92,0.6,61.3125,61.3125,306.5625,36.7875,301.93875,301.93875,1,0
9.71,1.2315,0.15,0,4.926,0.6,61.3125,61.3125,306.5625,36.7875,302.306625,302.306625,1,0
9.72,1.233,0.15,0,4.932,0.6,61.3125,61.3125,306.5625,36.7875,302.6745,302.6745,1,0
9.73,1.2345,0.15,0,4.938,0.6,61.3125,61.3125,306.5625,36.7875,303.042375,303.042375,1,0
9.74,1.236,0.15,0,4.944,0.6,61.3125,61.3125,306.5625,36.7875,303.41025,303.41025,1,0
9.75,1.2375,0.15,0,4.95,0.6,61.3125,61.3125,306.5625,36.7875,303.778125,303.778125,1,0
9.76,1.239,0.15,0,4.956,0.6,61.3125,61.3125,306.5625,36.7875,304.146,304.146,1,0
9.77,1.2405,0.15,0,4.962,0.6,61.3125,61.3125,306.5625,36.7875,304.513875,304.513875,1,0
9.78,1.242,0.15,0,4.968,0.6,61.3125,61.3125,306.5625,36.7875,304.88175,304.88175,1,0
9.79,1.2435,0.15,0,4.974,0.6,61.3125,61.3125,306.5625,36.7875,305.249625,305.249625,1,0
9.8,1.245,0.15,0,4.98,0.6,61.3125,61.3125,306.5625,36.7875,305.6175,305.6175,1,0
9.81,1.2465,0.15,0,4.986,0.6,61.3125,61.3125,306.5625,36.7875,305.985375,305.985375,1,0
9.82,1.248,0.15,0,4.992,0.6,61.3125,61.3125,306.5625,36.7875,306.35325,306.35325,1,0
9.83,1.2495,0.15,0,4.998,0.6,61.3125,61.3125,306.5625,36.7875,306.721125,306.721125,1,0
9.84,1.251,0.15,0,5.004,0.6,61.3125,61.3125,306.5625,36.7875,307.089,307.089,1,0
9.85,1.2525,0.15,0,5.01,0.6,61.3125,61.3125,306.5625,36.7875,307.456875,307.456875,1,0
9.86,1.254,0.15,0,5.016,0.6,61.3125,61.3125,306.5625,36.7875,307.82475,307.82475,1,0
9.87,1.2555,0.15,0,5.022,0.6,61.3125,61.3125,306.5625,36.7875,308.192625,308.192625,1,0
9.88,1.257,0.15,0,5.028,0.6,61.3125,61.3125,306.5625,36.7875,308.5605,308.5605,1,0
9.89,1.2585,0.15,0,5.034,0.6,61.3125,61.3125,306.5625,36.7875,308.928375,308.928375,1,0
9.9,1.26,0.15,0,5.04,0.6,61.3125,61.3125,306.5625,36.7875,309.29625,309.29625,1,0
9.91,1.2615,0.15,0,5.046,0.6,61.3125,61.3125,306.5625,36.7875,309.664125,309.664125,1,0
9.92,1.263,0.15,0,5.052,0.6,61.3125,61.3125,306.5625,36.7875,310.032,310.032,1,0
9.93,1.2645,0.15,0,5.058,0.6,61.3125,61.3125,306.5625,36.7875,310.399875,310.399875,1,0
9.94,1.266,0.15,0,5.064,0.6,61.3125,61.3125,306.5625,36.7875,310.76775,310.76775,1,0
9.95,1.2675,0.15,0,5.07,0.6,61.3125,61.3125,306.5625,36.7875,311.135625,311.135625,1,0
9.96,1.269,0.15,0,5.076,0.6,61.3125,61.3125,306.5625,36.7875,311.5035,311.5035,1,0
9.97,1.2705,0.15,0,5.082,0.6,61.3125,61.3125,306.5625,36.7875,311.871375,311.871375,1,0
9.98,1.272,0.15,0,5.088,0.6,61.3125,61.3125,306.5625,36.7875,312.23925,312.23925,1,0
9.99,1.2735,0.15,0,5.094,0.6,61.3125,61.3125,306.5625,36.7875,312.607125,312.607125,1,0
10,1.275,0.15,0,5.1,0.6,61.3125,61.3125,306.5625,36.7875,312.975,312.975,1,0
10.01,1.2765,0.15,0,5.106,0.6,61.3125,61.3125,306.5625,36.7875,313.342875,313.342875,1,0
10.02,1.278,0.15,0,5.112,0.6,61.3125,61.3125,306.5625,36.7875,313.71075,313.71075,1,0
10.03,1.2795,0.15,0,5.118,0.6,61.3125,61.3125,306.5625,36.7875,314.078625,314.078625,1,0
10.04,1.281,0.15,0,5.124,0.6,61.3125,61.3125,306.5625,36.7875,314.4465,314.4465,1,0
10.05,1.2825,0.15,0,5.13,0.6,61.3125,61.3125,306.5625,36.7875,314.814375,314.814375,1,0
10.06,1.284,0.15,0,5.136,0.6,61.3125,61.3125,306.5625,36.7875,315.18225,315.18225,1,0
10.07,1.2855,0.15,0,5.142,0.6,61.3125,61.3125,306.5625,36.7875,315.550125,315.550125,1,0
10.08,1.287,0.15,0,5.148,0.6,61.3125,61.3125,306.5625,36.7875,315.918,315.918,1,0
10.09,1.2885,0.15,0,5.154,0.6,61.3125,61.3125,306.5625,36.7875,316.285875,316.285875,1,0
10.1,1.29,0.15,0,5.16,0.6,61.3125,61.3125,306.5625,36.7875,316.65375,316.65375,1,0
10.11,1.2915,0.15,0,5.166,0.6,61.3125,61.3125,306.5625,36.7875,317.021625,317.021625,1,0
10.12,1.293,0.15,0,5.172,0.6,61.3125,61.3125,306.5625,36.7875,317.3895,317.3895,1,0
10.13,1.2945,0.15,0,5.178,0.6,61.3125,61.3125,306.5625,36.7875,317.757375,317.757375,1,0
10.14,1.296,0.15,0,5.184,0.6,61.3125,61.3125,306.5625,36.7875,318.12525,318.12525,1,0
10.15,1.2975,0.15,0,5.19,0.6,61.3125,61.3125,306.5625,36.7875,318.493125,318.493125,1,0
10.16,1.299,0.15,0,5.196,0.6,61.3125,61.3125,306.5625,36.7875,318.861,318.861,1,0
10.17,1.3005,0.15,0,5.202,0.6,61.3125,61.3125,306.5625,36.7875,319.228875,319.228875,1,0
10.18,1.302,0.15,0,5.208,0.6,61.3125,61.3125,306.5625,36.7875,319.59675,319.59675,1,0
10.19,1.3035,0.15,0,5.214,0.6,61.3125,61.3125,306.5625,36.7875,319.964625,319.964625,1,0
10.2,1.305,0.15,0,5.22,0.6,61.3125,61.3125,306.5625,36.7875,320.3325,320.3325,1,0
10.21,1.3065,0.15,0,5.226,0.6,61.3125,61.3125,306.5625,36.7875,320.700375,320.700375,1,0
10.22,1.308,0.15,0,5.232,0.6,61.3125,61.3125,306.5625,36.7875,321.06825,321.06825,1,0
10.23,1.3095,0.15,0,5.238,0.6,61.3125,61.3125,306.5625,36.7875,321.436125,321.436125,1,0
10.24,1.311,0.15,0,5.244,0.6,61.3125,61.3125,306.5625,36.7875,321.804,321.804,1,0
10.25,1.3125,0.15,0,5.25,0.6,61.3125,61.3125,306.5625,36.7875,322.171875,322.171875,1,0
10.26,1.314,0.15,0,5.256,0.6,61.3125,61.3125,306.5625,36.7875,322.53975,322.53975,1,0
10.27,1.3155,0.15,0,5.262,0.6,61.3125,61.3125,306.5625,36.7875,322.907625,322.907625,1,0
10.28,1.317,0.15,0,5.268,0.6,61.3125,61.3125,306.5625,36.7875,323.2755,323.2755,1,0
10.29,1.3185,0.15,0,5.274,0.6,61.3125,61.3125,306.5625,36.7875,323.643375,323.643375,1,0
10.3,1.32,0.15,0,5.28,0.6,61.3125,61.3125,306.5625,36.7875,324.01125,324.01125,1,0
10.31,1.3215,0.15,0,5.286,0.6,61.3125,61.3125,306.5625,36.7875,324.379125,324.379125,1,0
10.32,1.323,0.15,0,5.292,0.6,61.3125,61.3125,306.5625,36.7875,324.747,324.747,1,0
10.33,1.3245,0.15,0,5.298,0.6,61.3125,61.3125,306.5625,36.7875,325.114875,325.114875,1,0
10.34,1.326,0.15,0,5.304,0.6,61.3125,61.3125,306.5625,36.7875,325.48275,325.48275,1,0
10.35,1.3275,0.15,0,5.31,0.6,61.3125,61.3125,306.5625,36.7875,325.850625,325.850625,1,0
10.36,1.329,0.15,0,5.316,0.6,61.3125,61.3125,306.5625,36.7875,326.2185,326.2185,1,0
10.37,1.3305,0.15,0,5.322,0.6,61.3125,61.3125,306.5625,36.7875,326.586375,326.586375,1,0
10.38,1.332,0.15,0,5.328,0.6,61.3125,61.3125,306.5625,36.7875,326.95425,326.95425,1,0
10.39,1.3335,0.15,0,5.334,0.6,61.3125,61.3125,306.5625,36.7875,327.322125,327.322125,1,0
10.4,1.335,0.15,0,5.34,0.6,61.3125,61.3125,306.5625,36.7875,327.69,327.69,1,0
10.41,1.3365,0.15,0,5.346,0.6,61.3125,61.3125,306.5625,36.7875,328.057875,328.057875,1,0
10.42,1.338,0.15,0,5.352,0.6,61.3125,61.3125,306.5625,36.7875,328.42575,328.42575,1,0
10.43,1.3395,0.15,0,5.358,0.6,61.3125,61.3125,306.5625,36.7875,328.793625,328.793625,1,0
10.44,1.341,0.15,0,5.364,0.6,61.3125,61.3125,306.5625,36.7875,329.1615,329.1615,1,0
10.45,1.3425,0.15,0,5.37,0.6,61.3125,61.3125,306.5625,36.7875,329.529375,329.529375,1,0
10.46,1.344,0.15,0,5.376,0.6,61.3125,61.3125,306.5625,36.7875,329.89725,329.89725,1,0
10.47,1.3455,0.15,0,5.382,0.6,61.3125,61.3125,306.5625,36.7875,330.265125,330.265125,1,0
10.48,1.347,0.15,0,5.388,0.6,61.3125,61.3125,306.5625,36.7875,330.633,330.633,1,0
10.49,1.3485,0.15,0,5.394,0.6,61.3125,61.3125,306.5625,36.7875,331.000875,331.000875,1,0
10.5,1.35,0.15,0,5.4,0.6,61.3125,61.3125,306.5625,36.7875,331.36875,331.36875,1,0
10.51,1.3515,0.15,0,5.406,0.6,61.3125,61.3125,306.5625,36.7875,331.736625,331.736625,1,0
10.52,1.353,0.15,0,5.412,0.6,61.3125,61.3125,306.5625,36.7875,332.1045,332.1045,1,0
10.53,1.3545,0.15,0,5.418,0.6,61.3125,61.3125,306.5625,36.7875,332.472375,332.472375,1,0
10.54,1.356,0.15,0,5.424,0.6,61.3125,61.3125,306.5625,36.7875,332.84025,332.84025,1,0
10.55,1.3575,0.15,0,5.43,0.6,61.3125,61.3125,306.5625,36.7875,333.208125,333.208125,1,0
10.56,1.359,0.15,0,5.436,0.6,61.3125,61.3125,306.5625,36.7875,333.576,333.576,1,0
10.57,1.3605,0.15,0,5.442,0.6,61.3125,61.3125,306.5625,36.7875,333.943875,333.943875,1,0
10.58,1.362,0.15,0,5.448,0.6,61.3125,61.3125,306.5625,36.7875,334.31175,334.31175,1,0
10.59,1.3635,0.15,0,5.454,0.6,61.3125,61.3125,306.5625,36.7875,334.679625,334.679625,1,0
10.6,1.365,0.15,0,5.46,0.6,61.3125,61.3125,306.5625,36.7875,335.0475,335.0475,1,0
10.61,1.3665,0.15,0,5.466,0.6,61.3125,61.3125,306.5625,36.7875,335.415375,335.415375,1,0
10.62,1.368,0.15,0,5.472,0.6,61.3125,61.3125,306.5625,36.7875,335.78325,335.78325,1,0
10.63,1.3695,0.15,0,5.478,0.6,61.3125,61.3125,306.5625,36.7875,336.151125,336.151125,1,0
10.64,1.371,0.15,0,5.484,0.6,61.3125,61.3125,306.5625,36.7875,336.519,336.519,1,0
10.65,1.3725,0.15,0,5.49,0.6,61.3125,61.3125,306.5625,36.7875,336.886875,336.886875,1,0
10.66,1.374,0.15,0,5.496,0.6,61.3125,61.3125,306.5625,36.7875,337.25475,337.25475,1,0
10.67,1.3755,0.15,0,5.502,0.6,61.3125,61.3125,306.5625,36.7875,337.622625,337.622625,1,0
10.68,1.377,0.15,0,5.508,0.6,61.3125,61.3125,306.5625,36.7875,337.9905,337.9905,1,0
10.69,1.3785,0.15,0,5.514,0.6,61.3125,61.3125,306.5625,36.7875,338.358375,338.358375,1,0
10.7,1.38,0.15,0,5.52,0.6,61.3125,61.3125,306.5625,36.7875,338.72625,338.72625,1,0
10.71,1.3815,0.15,0,5.526,0.6,61.3125,61.3125,306.5625,36.7875,339.094125,339.094125,1,0
10.72,1.383,0.15,0,5.532,0.6,61.3125,61.3125,306.5625,36.7875,339.462,339.462,1,0
10.73,1.3845,0.15,0,5.538,0.6,61.3125,61.3125,306.5625,36.7875,339.829875,339.829875,1,0
10.74,1.386,0.15,0,5.544,0.6,61.3125,61.3125,306.5625,36.7875,340.19775,340.19775,1,0
10.75,1.3875,0.15,0,5.55,0.6,61.3125,61.3125,306.5625,36.7875,340.565625,340.565625,1,0
10.76,1.389,0.15,0,5.556,0.6,61.3125,61.3125,306.5625,36.7875,340.9335,340.9335,1,0
10.77,1.3905,0.15,0,5.562,0.6,61.3125,61.3125,306.5625,36.7875,341.301375,341.301375,1,0
10.78,1.392,0.15,0,5.568,0.6,61.3125,61.3125,306.5625,36.7875,341.66925,341.66925,1,0
10.79,1.3935,0.15,0,5.574,0.6,61.3125,61.3125,306.5625,36.7875,342.037125,342.037125,1,0
10.8,1.395,0.15,0,5.58,0.6,61.3125,61.3125,306.5625,36.7875,342.405,342.405,1,0
10.81,1.3965,0.15,0,5.586,0.6,61.3125,61.3125,306.5625,36.7875,342.772875,342.772875,1,0
10.82,1.398,0.15,0,5.592,0.6,61.3125,61.3125,306.5625,36.7875,343.14075,343.14075,1,0
10.83,1.3995,0.15,0,5.598,0.6,61.3125,61.3125,306.5625,36.7875,343.508625,343.508625,1,0
10.84,1.401,0.15,0,5.604,0.6,61.3125,61.3125,306.5625,36.7875,343.8765,343.8765,1,0
10.85,1.4025,0.15,0,5.61,0.6,61.3125,61.3125,306.5625,36.7875,344.244375,344.244375,1,0
10.86,1.404,0.15,0,5.616,0.6,61.3125,61.3125,306.5625,36.7875,344.61225,344.61225,1,0
10.87,1.4055,0.15,0,5.622,0.6,61.3125,61.3125,306.5625,36.7875,344.980125,344.980125,1,0
10.88,1.407,0.15,0,5.628,0.6,61.3125,61.3125,306.5625,36.7875,345.348,345.348,1,0
10.89,1.4085,0.15,0,5.634,0.6,61.3125,61.3125,306.5625,36.7875,345.715875,345.715875,1,0
10.9,1.41,0.15,0,5.64,0.6,61.3125,61.3125,306.5625,36.7875,346.08375,346.08375,1,0
10.91,1.4115,0.15,0,5.646,0.6,61.3125,61.3125,306.5625,36.7875,346.451625,346.451625,1,0
10.92,1.413,0.15,0,5.652,0.6,61.3125,61.3125,306.5625,36.7875,346.8195,346.8195,1,0
10.93,1.4145,0.15,0,5.658,0.6,61.3125,61.3125,306.5625,36.7875,347.187375,347.187375,1,0
10.94,1.416,0.15,0,5.664,0.6,61.3125,61.3125,306.5625,36.7875,347.55525,347.55525,1,0
10.95,1.4175,0.15,0,5.67,0.6,61.3125,61.3125,306.5625,36.7875,347.923125,347.923125,1,0
10.96,1.419,0.15,0,5.676,0.6,61.3125,61.3125,306.5625,36.7875,348.291,348.291,1,0
10.97,1.4205,0.15,0,5.682,0.6,61.3125,61.3125,306.5625,36.7875,348.658875,348.658875,1,0
10.98,1.422,0.15,0,5.688,0.6,61.3125,61.3125,306.5625,36.7875,349.02675,349.02675,1,0
10.99,1.4235,0.15,0,5.694,0.6,61.3125,61.3125,306.5625,36.7875,349.394625,349.394625,1,0
11,1.425,0.15,0,5.7,0.6,61.3125,61.3125,306.5625,36.7875,349.7625,349.7625,1,0
11.01,1.4265,0.15,0,5.706,0.6,61.3125,61.3125,306.5625,36.7875,350.130375,350.130375,1,0
11.02,1.428,0.15,0,5.712,0.6,61.3125,61.3125,306.5625,36.7875,350.49825,350.49825,1,0
11.03,1.4295,0.15,0,5.718,0.6,61.3125,61.3125,306.5625,36.7875,350.866125,350.866125,1,0
11.04,1.431,0.15,0,5.724,0.6,61.3125,61.3125,306.5625,36.7875,351.234,351.234,1,0
11.05,1.4325,0.15,0,5.73,0.6,61.3125,61.3125,306.5625,36.7875,351.601875,351.601875,1,0
11.06,1.434,0.15,0,5.736,0.6,61.3125,61.3125,306.5625,36.7875,351.96975,351.96975,1,0
11.07,1.4355,0.15,0,5.742,0.6,61.3125,61.3125,306.5625,36.7875,352.337625,352.337625,1,0
11.08,1.437,0.15,0,5.748,0.6,61.3125,61.3125,306.5625,36.7875,352.7055,352.7055,1,0
11.09,1.4385,0.15,0,5.754,0.6,61.3125,61.3125,306.5625,36.7875,353.073375,353.073375,1,0
11.1,1.44,0.15,0,5.76,0.6,61.3125,61.3125,306.5625,36.7875,353.44125,353.44125,1,0
11.11,1.4415,0.15,0,5.766,0.6,61.3125,61.3125,306.5625,36.7875,353.809125,353.809125,1,0
11.12,1.443,0.15,0,5.772,0.6,61.3125,61.3125,306.5625,36.7875,354.177,354.177,1,0
11.13,1.4445,0.15,0,5.778,0.6,61.3125,61.3125,306.5625,36.7875,354.544875,354.544875,1,0
11.14,1.446,0.15,0,5.784,0.6,61.3125,61.3125,306.5625,36.7875,354.91275,354.91275,1,0
11.15,1.4475,0.15,0,5.79,0.6,61.3125,61.3125,306.5625,36.7875,355.280625,355.280625,1,0
11.16,1.449,0.15,0,5.796,0.6,61.3125,61.3125,306.5625,36.7875,355.6485,355.6485,1,0
11.17,1.4505,0.15,0,5.802,0.6,61.3125,61.3125,306.5625,36.7875,356.016375,356.016375,1,0
11.18,1.452,0.15,0,5.808,0.6,61.3125,61.3125,306.5625,36.7875,356.38425,356.38425,1,0
11.19,1.4535,0.15,0,5.814,0.6,61.3125,61.3125,306.5625,36.7875,356.752125,356.752125,1,0
11.2,1.455,0.15,0,5.82,0.6,61.3125,61.3125,306.5625,36.7875,357.12,357.12,1,0
11.21,1.4565,0.15,0,5.826,0.6,61.3125,61.3125,306.5625,36.7875,357.487875,357.487875,1,0
11.22,1.458,0.15,0,5.832,0.6,61.3125,61.3125,306.5625,36.7875,357.85575,357.85575,1,0
11.23,1.4595,0.15,0,5.838,0.6,61.3125,61.3125,306.5625,36.7875,358.223625,358.223625,1,0
11.24,1.461,0.15,0,5.844,0.6,61.3125,61.3125,306.5625,36.7875,358.5915,358.5915,1,0
11.25,1.4625,0.15,0,5.85,0.6,61.3125,61.3125,306.5625,36.7875,358.959375,358.959375,1,0
11.26,1.464,0.15,0,5.856,0.6,61.3125,61.3125,306.5625,36.7875,359.32725,359.32725,1,0
11.27,1.4655,0.15,0,5.862,0.6,61.3125,61.3125,306.5625,36.7875,359.695125,359.695125,1,0
11.28,1.467,0.15,0,5.868,0.6,61.3125,61.3125,306.5625,36.7875,360.063,360.063,1,0
11.29,1.4685,0.15,0,5.874,0.6,61.3125,61.3125,306.5625,36.7875,360.430875,360.430875,1,0
11.3,1.47,0.15,0,5.88,0.6,61.3125,61.3125,306.5625,36.7875,360.79875,360.79875,1,0
11.31,1.4715,0.15,0,5.886,0.6,61.3125,61.3125,306.5625,36.7875,361.166625,361.166625,1,0
11.32,1.473,0.15,0,5.892,0.6,61.3125,61.3125,306.5625,36.7875,361.5345,361.5345,1,0
11.33,1.4745,0.15,0,5.898,0.6,61.3125,61.3125,306.5625,36.7875,361.902375,361.902375,1,0
11.34,1.476,0.15,0,5.904,0.6,61.3125,61.3125,306.5625,36.7875,362.27025,362.27025,1,0
11.35,1.4775,0.15,0,5.91,0.6,61.3125,61.3125,306.5625,36.7875,362.638125,362.638125,1,0
11.36,1.479,0.15,0,5.916,0.6,61.3125,61.3125,306.5625,36.7875,363.006,363.006,1,0
11.37,1.4805,0.15,0,5.922,0.6,61.3125,61.3125,306.5625,36.7875,363.373875,363.373875,1,0
11.38,1.482,0.15,0,5.928,0.6,61.3125,61.3125,306.5625,36.7875,363.74175,363.74175,1,0
11.39,1.4835,0.15,0,5.934,0.6,61.3125,61.3125,306.5625,36.7875,364.109625,364.109625,1,0
11.4,1.485,0.15,0,5.94,0.6,61.3125,61.3125,306.5625,36.7875,364.4775,364.4775,1,0
11.41,1.4865,0.15,0,5.946,0.6,61.3125,61.3125,306.5625,36.7875,364.845375,364.845375,1,0
11.42,1.488,0.15,0,5.952,0.6,61.3125,61.3125,306.5625,36.7875,365.21325,365.21325,1,0
11.43,1.4895,0.15,0,5.958,0.6,61.3125,61.3125,306.5625,36.7875,365.581125,365.581125,1,0
11.44,1.491,0.15,0,5.964,0.6,61.3125,61.3125,306.5625,36.7875,365.949,365.949,1,0
11.45,1.4925,0.15,0,5.97,0.6,61.3125,61.3125,306.5625,36.7875,366.316875,366.316875,1,0
11.46,1.494,0.15,0,5.976,0.6,61.3125,61.3125,306.5625,36.7875,366.68475,366.68475,1,0
11.47,1.4955,0.15,0,5.982,0.6,61.3125,61.3125,306.5625,36.7875,367.052625,367.052625,1,0
11.48,1.497,0.15,0,5.988,0.6,61.3125,61.3125,306.5625,36.7875,367.4205,367.4205,1,0
11.49,1.4985,0.15,0,5.994,0.6,61.3125,61.3125,306.5625,36.7875,367.788375,367.788375,1,0
11.5,1.5,0.15,0,6,0.6,61.3125,61.3125,306.5625,36.7875,368.15625,368.15625,1,0
11.51,1.5015,0.15,0,6.006,0.6,61.3125,61.3125,306.5625,36.7875,368.524125,368.524125,1,0
11.52,1.503,0.15,0,6.012,0.6,61.3125,61.3125,306.5625,36.7875,368.892,368.892,1,0
11.53,1.5045,0.15,0,6.018,0.6,61.3125,61.3125,306.5625,36.7875,369.259875,369.259875,1,0
11.54,1.506,0.15,0,6.024,0.6,61.3125,61.3125,306.5625,36.7875,369.62775,369.62775,1,0
11.55,1.5075,0.15,0,6.03,0.6,61.3125,61.3125,306.5625,36.7875,369.995625,369.995625,1,0
11.56,1.509,0.15,0,6.036,0.6,61.3125,61.3125,306.5625,36.7875,370.3635,370.3635,1,0
11.57,1.5105,0.15,0,6.042,0.6,61.3125,61.3125,306.5625,36.7875,370.731375,370.731375,1,0
11.58,1.512,0.15,0,6.048,0.6,61.3125,61.3125,306.5625,36.7875,371.09925,371.09925,1,0
11.59,1.5135,0.15,0,6.054,0.6,61.3125,61.3125,306.5625,36.7875,371.467125,371.467125,1,0
11.6,1.515,0.15,0,6.06,0.6,61.3125,61.3125,306.5625,36.7875,371.835,371.835,1,0
11.61,1.5165,0.15,0,6.066,0.6,61.3125,61.3125,306.5625,36.7875,372.202875,372.202875,1,0
11.62,1.518,0.15,0,6.072,0.6,61.3125,61.3125,306.5625,36.7875,372.57075,372.57075,1,0
11.63,1.5195,0.15,0,6.078,0.6,61.3125,61.3125,306.5625,36.7875,372.938625,372.938625,1,0
11.64,1.521,0.15,0,6.084,0.6,61.3125,61.3125,306.5625,36.7875,373.3065,373.3065,1,0
11.65,1.5225,0.15,0,6.09,0.6,61.3125,61.3125,306.5625,36.7875,373.674375,373.674375,1,0
11.66,1.524,0.15,0,6.096,0.6,61.3125,61.3125,306.5625,36.7875,374.04225,374.04225,1,0
11.67,1.5255,0.15,0,6.102,0.6,61.3125,61.3125,306.5625,36.7875,374.410125,374.410125,1,0
11.68,1.527,0.15,0,6.108,0.6,61.3125,61.3125,306.5625,36.7875,374.778,374.778,1,0
11.69,1.5285,0.15,0,6.114,0.6,61.3125,61.3125,306.5625,36.7875,375.145875,375.145875,1,0
11.7,1.53,0.15,0,6.12,0.6,61.3125,61.3125,306.5625,36.7875,375.51375,375.51375,1,0
11.71,1.5315,0.15,0,6.126,0.6,61.3125,61.3125,306.5625,36.7875,375.881625,375.881625,1,0
11.72,1.533,0.15,0,6.132,0.6,61.3125,61.3125,306.5625,36.7875,376.2495,376.2495,1,0
11.73,1.5345,0.15,0,6.138,0.6,61.3125,61.3125,306.5625,36.7875,376.617375,376.617375,1,0
11.74,1.536,0.15,0,6.144,0.6,61.3125,61.3125,306.5625,36.7875,376.98525,376.98525,1,0
11.75,1.5375,0.15,0,6.15,0.6,61.3125,61.3125,306.5625,36.7875,377.353125,377.353125,1,0
11.76,1.539,0.15,0,6.156,0.6,61.3125,61.3125,306.5625,36.7875,377.721,377.721,1,0
11.77,1.5405,0.15,0,6.162,0.6,61.3125,61.3125,306.5625,36.7875,378.088875,378.088875,1,0
11.78,1.542,0.15,0,6.168,0.6,61.3125,61.3125,306.5625,36.7875,378.45675,378.45675,1,0
11.79,1.5435,0.15,0,6.174,0.6,61.3125,61.3125,306.5625,36.7875,378.824625,378.824625,1,0
11.8,1.545,0.15,0,6.18,0.6,61.3125,61.3125,306.5625,36.7875,379.1925,379.1925,1,0
11.81,1.5465,0.15,0,6.186,0.6,61.3125,61.3125,306.5625,36.7875,379.560375,379.560375,1,0
11.82,1.548,0.15,0,6.192,0.6,61.3125,61.3125,306.5625,36.7875,379.92825,379.92825,1,0
11.83,1.5495,0.15,0,6.198,0.6,61.3125,61.3125,306.5625,36.7875,380.296125,380.296125,1,0
11.84,1.551,0.15,0,6.204,0.6,61.3125,61.3125,306.5625,36.7875,380.664,380.664,1,0
11.85,1.5525,0.15,0,6.21,0.6,61.3125,61.3125,306.5625,36.7875,381.031875,381.031875,1,0
11.86,1.554,0.15,0,6.216,0.6,61.3125,61.3125,306.5625,36.7875,381.39975,381.39975,1,0
11.87,1.5555,0.15,0,6.222,0.6,61.3125,61.3125,306.5625,36.7875,381.767625,381.767625,1,0
11.88,1.557,0.15,0,6.228,0.6,61.3125,61.3125,306.5625,36.7875,382.1355,382.1355,1,0
11.89,1.5585,0.15,0,6.234,0.6,61.3125,61.3125,306.5625,36.7875,382.503375,382.503375,1,0
11.9,1.56,0.15,0,6.24,0.6,61.3125,61.3125,306.5625,36.7875,382.87125,382.87125,1,0
11.91,1.5615,0.15,0,6.246,0.6,61.3125,61.3125,306.5625,36.7875,383.239125,383.239125,1,0
11.92,1.563,0.15,0,6.252,0.6,61.3125,61.3125,306.5625,36.7875,383.607,383.607,1,0
11.93,1.5645,0.15,0,6.258,0.6,61.3125,61.3125,306.5625,36.7875,383.974875,383.974875,1,0
11.94,1.566,0.15,0,6.264,0.6,61.3125,61.3125,306.5625,36.7875,384.34275,384.34275,1,0
11.95,1.5675,0.15,0,6.27,0.6,61.3125,61.3125,306.5625,36.7875,384.710625,384.710625,1,0
11.96,1.569,0.15,0,6.276,0.6,61.3125,61.3125,306.5625,36.7875,385.0785,385.0785,1,0
11.97,1.5705,0.15,0,6.282,0.6,61.3125,61.3125,306.5625,36.7875,385.446375,385.446375,1,0
11.98,1.572,0.15,0,6.288,0.6,61.3125,61.3125,306.5625,36.7875,385.81425,385.81425,1,0
11.99,1.5735,0.15,0,6.294,0.6,61.3125,61.3125,306.5625,36.7875,386.182125,386.182125,1,0
12,1.575,0.15,0,6.3,0.6,61.3125,61.3125,306.5625,36.7875,386.55,386.55,1,0
12.01,1.5765,0.15,0,6.306,0.6,61.3125,61.3125,306.5625,36.7875,386.917875,386.917875,1,0
12.02,1.578,0.15,0,6.312,0.6,61.3125,61.3125,306.5625,36.7875,387.28575,387.28575,1,0
12.03,1.5795,0.15,0,6.318,0.6,61.3125,61.3125,306.5625,36.7875,387.653625,387.653625,1,0
12.04,1.581,0.15,0,6.324,0.6,61.3125,61.3125,306.5625,36.7875,388.0215,388.0215,1,0
12.05,1.5825,0.15,0,6.33,0.6,61.3125,61.3125,306.5625,36.7875,388.389375,388.389375,1,0
12.06,1.584,0.15,0,6.336,0.6,61.3125,61.3125,306.5625,36.7875,388.75725,388.75725,1,0
12.07,1.5855,0.15,0,6.342,0.6,61.3125,61.3125,306.5625,36.7875,389.125125,389.125125,1,0
12.08,1.587,0.15,0,6.348,0.6,61.3125,61.3125,306.5625,36.7875,389.493,389.493,1,0
12.09,1.5885,0.15,0,6.354,0.6,61.3125,61.3125,306.5625,36.7875,389.860875,389.860875,1,0
12.1,1.59,0.15,0,6.36,0.6,61.3125,61.3125,306.5625,36.7875,390.22875,390.22875,1,0
12.11,1.5915,0.15,0,6.366,0.6,61.3125,61.3125,306.5625,36.7875,390.596625,390.596625,1,0
12.12,1.593,0.15,0,6.372,0.6,61.3125,61.3125,306.5625,36.7875,390.9645,390.9645,1,0
12.13,1.5945,0.15,0,6.378,0.6,61.3125,61.3125,306.5625,36.7875,391.332375,391.332375,1,0
12.14,1.596,0.15,0,6.384,0.6,61.3125,61.3125,306.5625,36.7875,391.70025,391.70025,1,0
12.15,1.5975,0.15,0,6.39,0.6,61.3125,61.3125,306.5625,36.7875,392.068125,392.068125,1,0
12.16,1.599,0.15,0,6.396,0.6,61.3125,61.3125,306.5625,36.7875,392.436,392.436,1,0
12.17,1.6005,0.15,0,6.402,0.6,61.3125,61.3125,306.5625,36.7875,392.803875,392.803875,1,0
12.18,1.602,0.15,0,6.408,0.6,61.3125,61.3125,306.5625,36.7875,393.17175,393.17175,1,0
12.19,1.6035,0.15,0,6.414,0.6,61.3125,61.3125,306.5625,36.7875,393.539625,393.539625,1,0
12.2,1.605,0.15,0,6.42,0.6,61.3125,61.3125,306.5625,36.7875,393.9075,393.9075,1,0
12.21,1.6065,0.15,0,6.426,0.6,61.3125,61.3125,306.5625,36.7875,394.275375,394.275375,1,0
12.22,1.608,0.15,0,6.432,0.6,61.3125,61.3125,306.5625,36.7875,394.64325,394.64325,1,0
12.23,1.6095,0.15,0,6.438,0.6,61.3125,61.3125,306.5625,36.7875,395.011125,395.011125,1,0
12.24,1.611,0.15,0,6.444,0.6,61.3125,61.3125,306.5625,36.7875,395.379,395.379,1,0
12.25,1.6125,0.15,0,6.45,0.6,61.3125,61.3125,306.5625,36.7875,395.746875,395.746875,1,0
12.26,1.614,0.15,0,6.456,0.6,61.3125,61.3125,306.5625,36.7875,396.11475,396.11475,1,0
12.27,1.6155,0.15,0,6.462,0.6,61.3125,61.3125,306.5625,36.7875,396.482625,396.482625,1,0
12.28,1.617,0.15,0,6.468,0.6,61.3125,61.3125,306.5625,36.7875,396.8505,396.8505,1,0
12.29,1.6185,0.15,0,6.474,0.6,61.3125,61.3125,306.5625,36.7875,397.218375,397.218375,1,0
12.3,1.62,0.15,0,6.48,0.6,61.3125,61.3125,306.5625,36.7875,397.58625,397.58625,1,0
12.31,1.6215,0.15,0,6.486,0.6,61.3125,61.3125,306.5625,36.7875,397.954125,397.954125,1,0
12.32,1.623,0.15,0,6.492,0.6,61.3125,61.3125,306.5625,36.7875,398.322,398.322,1,0
12.33,1.6245,0.15,0,6.498,0.6,61.3125,61.3125,306.5625,36.7875,398.689875,398.689875,1,0
12.34,1.626,0.15,0,6.504,0.6,61.3125,61.3125,306.5625,36.7875,399.05775,399.05775,1,0
12.35,1.6275,0.15,0,6.51,0.6,61.3125,61.3125,306.5625,36.7875,399.425625,399.425625,1,0
12.36,1.629,0.15,0,6.516,0.6,61.3125,61.3125,306.5625,36.7875,399.7935,399.7935,1,0
12.37,1.6305,0.15,0,6.522,0.6,61.3125,61.3125,306.5625,36.7875,400.161375,400.161375,1,0
12.38,1.632,0.15,0,6.528,0.6,61.3125,61.3125,306.5625,36.7875,400.52925,400.52925,1,0
12.39,1.6335,0.15,0,6.534,0.6,61.3125,61.3125,306.5625,36.7875,400.897125,400.897125,1,0
12.4,1.635,0.15,0,6.54,0.6,61.3125,61.3125,306.5625,36.7875,401.265,401.265,1,0
12.41,1.6365,0.15,0,6.546,0.6,61.3125,61.3125,306.5625,36.7875,401.632875,401.632875,1,0
12.42,1.638,0.15,0,6.552,0.6,61.3125,61.3125,306.5625,36.7875,402.00075,402.00075,1,0
12.43,1.6395,0.15,0,6.558,0.6,61.3125,61.3125,306.5625,36.7875,402.368625,402.368625,1,0
12.44,1.641,0.15,0,6.564,0.6,61.3125,61.3125,306.5625,36.7875,402.7365,402.7365,1,0
12.45,1.6425,0.15,0,6.57,0.6,61.3125,61.3125,306.5625,36.7875,403.104375,403.104375,1,0
12.46,1.644,0.15,0,6.576,0.6,61.3125,61.3125,306.5625,36.7875,403.47225,403.47225,1,0
12.47,1.6455,0.15,0,6.582,0.6,61.3125,61.3125,306.5625,36.7875,403.840125,403.840125,1,0
12.48,1.647,0.15,0,6.588,0.6,61.3125,61.3125,306.5625,36.7875,404.208,404.208,1,0
12.49,1.6485,0.15,0,6.594,0.6,61.3125,61.3125,306.5625,36.7875,404.575875,404.575875,1,0
12.5,1.65,0.15,0,6.6,0.6,61.3125,61.3125,306.5625,36.7875,404.94375,404.94375,1,0
12.51,1.6515,0.15,0,6.606,0.6,61.3125,61.3125,306.5625,36.7875,405.311625,405.311625,1,0
12.52,1.653,0.15,0,6.612,0.6,61.3125,61.3125,306.5625,36.7875,405.6795,405.6795,1,0
12.53,1.6545,0.15,0,6.618,0.6,61.3125,61.3125,306.5625,36.7875,406.047375,406.047375,1,0
12.54,1.656,0.15,0,6.624,0.6,61.3125,61.3125,306.5625,36.7875,406.41525,406.41525,1,0
12.55,1.6575,0.15,0,6.63,0.6,61.3125,61.3125,306.5625,36.7875,406.783125,406.783125,1,0
12.56,1.659,0.15,0,6.636,0.6,61.3125,61.3125,306.5625,36.7875,407.151,407.151,1,0
12.57,1.6605,0.15,0,6.642,0.6,61.3125,61.3125,306.5625,36.7875,407.518875,407.518875,1,0
12.58,1.662,0.15,0,6.648,0.6,61.3125,61.3125,306.5625,36.7875,407.88675,407.88675,1,0
12.59,1.6635,0.15,0,6.654,0.6,61.3125,61.3125,306.5625,36.7875,408.254625,408.254625,1,0
12.6,1.665,0.15,0,6.66,0.6,61.3125,61.3125,306.5625,36.7875,408.6225,408.6225,1,0
12.61,1.6665,0.15,0,6.666,0.6,61.3125,61.3125,306.5625,36.7875,408.990375,408.990375,1,0
12.62,1.668,0.15,0,6.672,0.6,61.3125,61.3125,306.5625,36.7875,409.35825,409.35825,1,0
12.63,1.6695,0.15,0,6.678,0.6,61.3125,61.3125,306.5625,36.7875,409.726125,409.726125,1,0
12.64,1.671,0.15,0,6.684,0.6,61.3125,61.3125,306.5625,36.7875,410.094,410.094,1,0
12.65,1.6725,0.15,0,6.69,0.6,61.3125,61.3125,306.5625,36.7875,410.461875,410.461875,1,0
12.66,1.674,0.15,0,6.696,0.6,61.3125,61.3125,306.5625,36.7875,410.82975,410.82975,1,0
12.67,1.6755,0.15,0,6.702,0.6,61.3125,61.3125,306.5625,36.7875,411.197625,411.197625,1,0
12.68,1.677,0.15,0,6.708,0.6,61.3125,61.3125,306.5625,36.7875,411.5655,411.5655,1,0
12.69,1.6785,0.15,0,6.714,0.6,61.3125,61.3125,306.5625,36.7875,411.933375,411.933375,1,0
12.7,1.68,0.15,0,6.72,0.6,61.3125,61.3125,306.5625,36.7875,412.30125,412.30125,1,0
12.71,1.6815,0.15,0,6.726,0.6,61.3125,61.3125,306.5625,36.7875,412.669125,412.669125,1,0
12.72,1.683,0.15,0,6.732,0.6,61.3125,61.3125,306.5625,36.7875,413.037,413.037,1,0
12.73,1.6845,0.15,0,6.738,0.6,61.3125,61.3125,306.5625,36.7875,413.404875,413.404875,1,0
12.74,1.686,0.15,0,6.744,0.6,61.3125,61.3125,306.5625,36.7875,413.77275,413.77275,1,0
12.75,1.6875,0.15,0,6.75,0.6,61.3125,61.3125,306.5625,36.7875,414.140625,414.140625,1,0
12.76,1.689,0.15,0,6.756,0.6,61.3125,61.3125,306.5625,36.7875,414.5085,414.5085,1,0
12.77,1.6905,0.15,0,6.762,0.6,61.3125,61.3125,306.5625,36.7875,414.876375,414.876375,1,0
12.78,1.692,0.15,0,6.768,0.6,61.3125,61.3125,306.5625,36.7875,415.24425,415.24425,1,0
12.79,1.6935,0.15,0,6.774,0.6,61.3125,61.3125,306.5625,36.7875,415.612125,415.612125,1,0
12.8,1.695,0.15,0,6.78,0.6,61.3125,61.3125,306.5625,36.7875,415.98,415.98,1,0
12.81,1.6965,0.15,0,6.786,0.6,61.3125,61.3125,306.5625,36.7875,416.347875,416.347875,1,0
12.82,1.698,0.15,0,6.792,0.6,61.3125,61.3125,306.5625,36.7875,416.71575,416.71575,1,0
12.83,1.6995,0.15,0,6.798,0.6,61.3125,61.3125,306.5625,36.7875,417.083625,417.083625,1,0
12.84,1.701,0.15,0,6.804,0.6,61.3125,61.3125,306.5625,36.7875,417.4515,417.4515,1,0
12.85,1.7025,0.15,0,6.81,0.6,61.3125,61.3125,306.5625,36.7875,417.819375,417.819375,1,0
12.86,1.704,0.15,0,6.816,0.6,61.3125,61.3125,306.5625,36.7875,418.18725,418.18725,1,0
12.87,1.7055,0.15,0,6.822,0.6,61.3125,61.3125,306.5625,36.7875,418.555125,418.555125,1,0
12.88,1.707,0.15,0,6.828,0.6,61.3125,61.3125,306.5625,36.7875,418.923,418.923,1,0
12.89,1.7085,0.15,0,6.834,0.6,61.3125,61.3125,306.5625,36.7875,419.290875,419.290875,1,0
12.9,1.71,0.15,0,6.84,0.6,61.3125,61.3125,306.5625,36.7875,419.65875,419.65875,1,0
12.91,1.7115,0.15,0,6.846,0.6,61.3125,61.3125,306.5625,36.7875,420.026625,420.026625,1,0
12.92,1.713,0.15,0,6.852,0.6,61.3125,61.3125,306.5625,36.7875,420.3945,420.3945,1,0
12.93,1.7145,0.15,0,6.858,0.6,61.3125,61.3125,306.5625,36.7875,420.762375,420.762375,1,0
12.94,1.716,0.15,0,6.864,0.6,61.3125,61.3125,306.5625,36.7875,421.13025,421.13025,1,0
12.95,1.7175,0.15,0,6.87,0.6,61.3125,61.3125,306.5625,36.7875,421.498125,421.498125,1,0
12.96,1.719,0.15,0,6.876,0.6,61.3125,61.3125,306.5625,36.7875,421.866,421.866,1,0
12.97,1.7205,0.15,0,6.882,0.6,61.3125,61.3125,306.5625,36.7875,422.233875,422.233875,1,0
12.98,1.722,0.15,0,6.888,0.6,61.3125,61.3125,306.5625,36.7875,422.60175,422.60175,1,0
12.99,1.7235,0.15,0,6.894,0.6,61.3125,61.3125,306.5625,36.7875,422.969625,422.969625,1,0
13,1.725,0.15,0,6.9,0.6,61.3125,61.3125,306.5625,36.7875,423.3375,423.3375,1,0
13.01,1.7265,0.15,0,6.906,0.6,61.3125,61.3125,306.5625,36.7875,423.705375,423.705375,1,0
13.02,1.728,0.15,0,6.912,0.6,61.3125,61.3125,306.5625,36.7875,424.07325,424.07325,1,0
13.03,1.7295,0.15,0,6.918,0.6,61.3125,61.3125,306.5625,36.7875,424.441125,424.441125,1,0
13.04,1.731,0.15,0,6.924,0.6,61.3125,61.3125,306.5625,36.7875,424.809,424.809,1,0
13.05,1.7325,0.15,0,6.93,0.6,61.3125,61.3125,306.5625,36.7875,425.176875,425.176875,1,0
13.06,1.734,0.15,0,6.936,0.6,61.3125,61.3125,306.5625,36.7875,425.54475,425.54475,1,0
13.07,1.7355,0.15,0,6.942,0.6,61.3125,61.3125,306.5625,36.7875,425.912625,425.912625,1,0
13.08,1.737,0.15,0,6.948,0.6,61.3125,61.3125,306.5625,36.7875,426.2805,426.2805,1,0
13.09,1.7385,0.15,0,6.954,0.6,61.3125,61.3125,306.5625,36.7875,426.648375,426.648375,1,0
13.1,1.74,0.15,0,6.96,0.6,61.3125,61.3125,306.5625,36.7875,427.01625,427.01625,1,0
13.11,1.7415,0.15,0,6.966,0.6,61.3125,61.3125,306.5625,36.7875,427.384125,427.384125,1,0
13.12,1.743,0.15,0,6.972,0.6,61.3125,61.3125,306.5625,36.7875,427.752,427.752,1,0
13.13,1.7445,0.15,0,6.978,0.6,61.3125,61.3125,306.5625,36.7875,428.119875,428.119875,1,0
13.14,1.746,0.15,0,6.984,0.6,61.3125,61.3125,306.5625,36.7875,428.48775,428.48775,1,0
13.15,1.7475,0.15,0,6.99,0.6,61.3125,61.3125,306.5625,36.7875,428.855625,428.855625,1,0
13.16,1.749,0.15,0,6.996,0.6,61.3125,61.3125,306.5625,36.7875,429.2235,429.2235,1,0
13.17,1.7505,0.15,0,7.002,0.6,61.3125,61.3125,306.5625,36.7875,429.591375,429.591375,1,0
13.18,1.752,0.15,0,7.008,0.6,61.3125,61.3125,306.5625,36.7875,429.95925,429.95925,1,0
13.19,1.7535,0.15,0,7.014,0.6,61.3125,61.3125,306.5625,36.7875,430.327125,430.327125,1,0
13.2,1.755,0.15,0,7.02,0.6,61.3125,61.3125,306.5625,36.7875,430.695,430.695,1,0
13.21,1.7565,0.15,0,7.026,0.6,61.3125,61.3125,306.5625,36.7875,431.062875,431.062875,1,0
13.22,1.758,0.15,0,7.032,0.6,61.3125,61.3125,306.5625,36.7875,431.43075,431.43075,1,0
13.23,1.7595,0.15,0,7.038,0.6,61.3125,61.3125,306.5625,36.7875,431.798625,431.798625,1,0
13.24,1.761,0.15,0,7.044,0.6,61.3125,61.3125,306.5625,36.7875,432.1665,432.1665,1,0
13.25,1.7625,0.15,0,7.05,0.6,61.3125,61.3125,306.5625,36.7875,432.534375,432.534375,1,0
13.26,1.764,0.15,0,7.056,0.6,61.3125,61.3125,306.5625,36.7875,432.90225,432.90225,1,0
13.27,1.7655,0.15,0,7.062,0.6,61.3125,61.3125,306.5625,36.7875,433.270125,433.270125,1,0
13.28,1.767,0.15,0,7.068,0.6,61.3125,61.3125,306.5625,36.7875,433.638,433.638,1,0
13.29,1.7685,0.15,0,7.074,0.6,61.3125,61.3125,306.5625,36.7875,434.005875,434.005875,1,0
13.3,1.77,0.15,0,7.08,0.6,61.3125,61.3125,306.5625,36.7875,434.37375,434.37375,1,0
13.31,1.7715,0.15,0,7.086,0.6,61.3125,61.3125,306.5625,36.7875,434.741625,434.741625,1,0
13.32,1.773,0.15,0,7.092,0.6,61.3125,61.3125,306.5625,36.7875,435.1095,435.1095,1,0
13.33,1.7745,0.15,0,7.098,0.6,61.3125,61.3125,306.5625,36.7875,435.477375,435.477375,1,0
13.34,1.776,0.15,0,7.104,0.6,61.3125,61.3125,306.5625,36.7875,435.84525,435.84525,1,0
13.35,1.7775,0.15,0,7.11,0.6,61.3125,61.3125,306.5625,36.7875,436.213125,436.213125,1,0
13.36,1.779,0.15,0,7.116,0.6,61.3125,61.3125,306.5625,36.7875,436.581,436.581,1,0
13.37,1.7805,0.15,0,7.122,0.6,61.3125,61.3125,306.5625,36.7875,436.948875,436.948875,1,0
13.38,1.782,0.15,0,7.128,0.6,61.3125,61.3125,306.5625,36.7875,437.31675,437.31675,1,0
13.39,1.7835,0.15,0,7.134,0.6,61.3125,61.3125,306.5625,36.7875,437.684625,437.684625,1,0
13.4,1.785,0.15,0,7.14,0.6,61.3125,61.3125,306.5625,36.7875,438.0525,438.0525,1,0
13.41,1.7865,0.15,0,7.146,0.6,61.3125,61.3125,306.5625,36.7875,438.420375,438.420375,1,0
13.42,1.788,0.15,0,7.152,0.6,61.3125,61.3125,306.5625,36.7875,438.78825,438.78825,1,0
13.43,1.7895,0.15,0,7.158,0.6,61.3125,61.3125,306.5625,36.7875,439.156125,439.156125,1,0
13.44,1.791,0.15,0,7.164,0.6,61.3125,61.3125,306.5625,36.7875,439.524,439.524,1,0
13.45,1.7925,0.15,0,7.17,0.6,61.3125,61.3125,306.5625,36.7875,439.891875,439.891875,1,0
13.46,1.794,0.15,0,7.176,0.6,61.3125,61.3125,306.5625,36.7875,440.25975,440.25975,1,0
13.47,1.7955,0.15,0,7.182,0.6,61.3125,61.3125,306.5625,36.7875,440.627625,440.627625,1,0
13.48,1.797,0.15,0,7.188,0.6,61.3125,61.3125,306.5625,36.7875,440.9955,440.9955,1,0
13.49,1.7985,0.15,0,7.194,0.6,61.3125,61.3125,306.5625,36.7875,441.363375,441.363375,1,0
13.5,1.8,0.15,0,7.2,0.6,61.3125,61.3125,306.5625,36.7875,441.73125,441.73125,1,0
13.51,1.8015,0.15,0,7.206,0.6,61.3125,61.3125,306.5625,36.7875,442.099125,442.099125,1,0
13.52,1.803,0.15,0,7.212,0.6,61.3125,61.3125,306.5625,36.7875,442.467,442.467,1,0
13.53,1.8045,0.15,0,7.218,0.6,61.3125,61.3125,306.5625,36.7875,442.834875,442.834875,1,0
13.54,1.806,0.15,0,7.224,0.6,61.3125,61.3125,306.5625,36.7875,443.20275,443.20275,1,0
13.55,1.8075,0.15,0,7.23,0.6,61.3125,61.3125,306.5625,36.7875,443.570625,443.570625,1,0
13.56,1.809,0.15,0,7.236,0.6,61.3125,61.3125,306.5625,36.7875,443.9385,443.9385,1,0
13.57,1.8105,0.15,0,7.242,0.6,61.3125,61.3125,306.5625,36.7875,444.306375,444.306375,1,0
13.58,1.812,0.15,0,7.248,0.6,61.3125,61.3125,306.5625,36.7875,444.67425,444.67425,1,0
13.59,1.8135,0.15,0,7.254,0.6,61.3125,61.3125,306.5625,36.7875,445.042125,445.042125,1,0
13.6,1.815,0.15,0,7.26,0.6,61.3125,61.3125,306.5625,36.7875,445.41,445.41,1,0
13.61,1.8165,0.15,0,7.266,0.6,61.3125,61.3125,306.5625,36.7875,445.777875,445.777875,1,0
13.62,1.818,0.15,0,7.272,0.6,61.3125,61.3125,306.5625,36.7875,446.14575,446.14575,1,0
13.63,1.8195,0.15,0,7.278,0.6,61.3125,61.3125,306.5625,36.7875,446.513625,446.513625,1,0
13.64,1.821,0.15,0,7.284,0.6,61.3125,61.3125,306.5625,36.7875,446.8815,446.8815,1,0
13.65,1.8225,0.15,0,7.29,0.6,61.3125,61.3125,306.5625,36.7875,447.249375,447.249375,1,0
13.66,1.824,0.15,0,7.296,0.6,61.3125,61.3125,306.5625,36.7875,447.61725,447.61725,1,0
13.67,1.8255,0.15,0,7.302,0.6,61.3125,61.3125,306.5625,36.7875,447.985125,447.985125,1,0
13.68,1.827,0.15,0,7.308,0.6,61.3125,61.3125,306.5625,36.7875,448.353,448.353,1,0
13.69,1.8285,0.15,0,7.314,0.6,61.3125,61.3125,306.5625,36.7875,448.720875,448.720875,1,0
13.7,1.83,0.15,0,7.32,0.6,61.3125,61.3125,306.5625,36.7875,449.08875,449.08875,1,0
13.71,1.8315,0.15,0,7.326,0.6,61.3125,61.3125,306.5625,36.7875,449.456625,449.456625,1,0
13.72,1.833,0.15,0,7.332,0.6,61.3125,61.3125,306.5625,36.7875,449.8245,449.8245,1,0
13.73,1.8345,0.15,0,7.338,0.6,61.3125,61.3125,306.5625,36.7875,450.192375,450.192375,1,0
13.74,1.836,0.15,0,7.344,0.6,61.3125,61.3125,306.5625,36.7875,450.56025,450.56025,1,0
13.75,1.8375,0.15,0,7.35,0.6,61.3125,61.3125,306.5625,36.7875,450.928125,450.928125,1,0
13.76,1.839,0.15,0,7.356,0.6,61.3125,61.3125,306.5625,36.7875,451.296,451.296,1,0
13.77,1.8405,0.15,0,7.362,0.6,61.3125,61.3125,306.5625,36.7875,451.663875,451.663875,1,0
13.78,1.842,0.15,0,7.368,0.6,61.3125,61.3125,306.5625,36.7875,452.03175,452.03175,1,0
13.79,1.8435,0.15,0,7.374,0.6,61.3125,61.3125,306.5625,36.7875,452.399625,452.399625,1,0
13.8,1.845,0.15,0,7.38,0.6,61.3125,61.3125,306.5625,36.7875,452.7675,452.7675,1,0
13.81,1.8465,0.15,0,7.386,0.6,61.3125,61.3125,306.5625,36.7875,453.135375,453.135375,1,0
13.82,1.848,0.15,0,7.392,0.6,61.3125,61.3125,306.5625,36.7875,453.50325,453.50325,1,0
13.83,1.8495,0.15,0,7.398,0.6,61.3125,61.3125,306.5625,36.7875,453.871125,453.871125,1,0
13.84,1.851,0.15,0,7.404,0.6,61.3125,61.3125,306.5625,36.7875,454.239,454.239,1,0
13.85,1.8525,0.15,0,7.41,0.6,61.3125,61.3125,306.5625,36.7875,454.606875,454.606875,1,0
13.86,1.854,0.15,0,7.416,0.6,61.3125,61.3125,306.5625,36.7875,454.97475,454.97475,1,0
13.87,1.8555,0.15,0,7.422,0.6,61.3125,61.3125,306.5625,36.7875,455.342625,455.342625,1,0
13.88,1.857,0.15,0,7.428,0.6,61.3125,61.3125,306.5625,36.7875,455.7105,455.7105,1,0
13.89,1.8585,0.15,0,7.434,0.6,61.3125,61.3125,306.5625,36.7875,456.078375,456.078375,1,0
13.9,1.86,0.15,0,7.44,0.6,61.3125,61.3125,306.5625,36.7875,456.44625,456.44625,1,0
13.91,1.8615,0.15,0,7.446,0.6,61.3125,61.3125,306.5625,36.7875,456.814125,456.814125,1,0
13.92,1.863,0.15,0,7.452,0.6,61.3125,61.3125,306.5625,36.7875,457.182,457.182,1,0
13.93,1.8645,0.15,0,7.458,0.6,61.3125,61.3125,306.5625,36.7875,457.549875,457.549875,1,0
13.94,1.866,0.15,0,7.464,0.6,61.3125,61.3125,306.5625,36.7875,457.91775,457.91775,1,0
13.95,1.8675,0.15,0,7.47,0.6,61.3125,61.3125,306.5625,36.7875,458.285625,458.285625,1,0
13.96,1.869,0.15,0,7.476,0.6,61.3125,61.3125,306.5625,36.7875,458.6535,458.6535,1,0
13.97,1.8705,0.15,0,7.482,0.6,61.3125,61.3125,306.5625,36.7875,459.021375,459.021375,1,0
13.98,1.872,0.15,0,7.488,0.6,61.3125,61.3125,306.5625,36.7875,459.38925,459.38925,1,0
13.99,1.8735,0.15,0,7.494,0.6,61.3125,61.3125,306.5625,36.7875,459.757125,459.757125,1,0
14,1.875,0.15,0,7.5,0.6,61.3125,61.3125,306.5625,36.7875,460.125,460.125,1,0
14.01,1.8765,0.15,0,7.506,0.6,61.3125,61.3125,306.5625,36.7875,460.492875,460.492875,1,0
14.02,1.878,0.15,0,7.512,0.6,61.3125,61.3125,306.5625,36.7875,460.86075,460.86075,1,0
14.03,1.8795,0.15,0,7.518,0.6,61.3125,61.3125,306.5625,36.7875,461.228625,461.228625,1,0
14.04,1.881,0.15,0,7.524,0.6,61.3125,61.3125,306.5625,36.7875,461.5965,461.5965,1,0
14.05,1.8825,0.15,0,7.53,0.6,61.3125,61.3125,306.5625,36.7875,461.964375,461.964375,1,0
14.06,1.884,0.15,0,7.536,0.6,61.3125,61.3125,306.5625,36.7875,462.33225,462.33225,1,0
14.07,1.8855,0.15,0,7.542,0.6,61.3125,61.3125,306.5625,36.7875,462.700125,462.700125,1,0
14.08,1.887,0.15,0,7.548,0.6,61.3125,61.3125,306.5625,36.7875,463.068,463.068,1,0
14.09,1.8885,0.15,0,7.554,0.6,61.3125,61.3125,306.5625,36.7875,463.435875,463.435875,1,0
14.1,1.89,0.15,0,7.56,0.6,61.3125,61.3125,306.5625,36.7875,463.80375,463.80375,1,0
14.11,1.8915,0.15,0,7.566,0.6,61.3125,61.3125,306.5625,36.7875,464.171625,464.171625,1,0
14.12,1.893,0.15,0,7.572,0.6,61.3125,61.3125,306.5625,36.7875,464.5395,464.5395,1,0
14.13,1.8945,0.15,0,7.578,0.6,61.3125,61.3125,306.5625,36.7875,464.907375,464.907375,1,0
14.14,1.896,0.15,0,7.584,0.6,61.3125,61.3125,306.5625,36.7875,465.27525,465.27525,1,0
14.15,1.8975,0.15,0,7.59,0.6,61.3125,61.3125,306.5625,36.7875,465.643125,465.643125,1,0
14.16,1.899,0.15,0,7.596,0.6,61.3125,61.3125,306.5625,36.7875,466.011,466.011,1,0
14.17,1.9005,0.15,0,7.602,0.6,61.3125,61.3125,306.5625,36.7875,466.378875,466.378875,1,0
14.18,1.902,0.15,0,7.608,0.6,61.3125,61.3125,306.5625,36.7875,466.74675,466.74675,1,0
14.19,1.9035,0.15,0,7.614,0.6,61.3125,61.3125,306.5625,36.7875,467.114625,467.114625,1,0
14.2,1.905,0.15,0,7.62,0.6,61.3125,61.3125,306.5625,36.7875,467.4825,467.4825,1,0
14.21,1.9065,0.15,0,7.626,0.6,61.3125,61.3125,306.5625,36.7875,467.850375,467.850375,1,0
14.22,1.908,0.15,0,7.632,0.6,61.3125,61.3125,306.5625,36.7875,468.21825,468.21825,1,0
14.23,1.9095,0.15,0,7.638,0.6,61.3125,61.3125,306.5625,36.7875,468.586125,468.586125,1,0
14.24,1.911,0.15,0,7.644,0.6,61.3125,61.3125,306.5625,36.7875,468.954,468.954,1,0
14.25,1.9125,0.15,0,7.65,0.6,61.3125,61.3125,306.5625,36.7875,469.321875,469.321875,1,0
14.26,1.914,0.15,0,7.656,0.6,61.3125,61.3125,306.5625,36.7875,469.68975,469.68975,1,0
14.27,1.9155,0.15,0,7.662,0.6,61.3125,61.3125,306.5625,36.7875,470.057625,470.057625,1,0
14.28,1.917,0.15,0,7.668,0.6,61.3125,61.3125,306.5625,36.7875,470.4255,470.4255,1,0
14.29,1.9185,0.15,0,7.674,0.6,61.3125,61.3125,306.5625,36.7875,470.793375,470.793375,1,0
14.3,1.92,0.15,0,7.68,0.6,61.3125,61.3125,306.5625,36.7875,471.16125,471.16125,1,0
14.31,1.9215,0.15,0,7.686,0.6,61.3125,61.3125,306.5625,36.7875,471.529125,471.529125,1,0
14.32,1.923,0.15,0,7.692,0.6,61.3125,61.3125,306.5625,36.7875,471.897,471.897,1,0
14.33,1.9245,0.15,0,7.698,0.6,61.3125,61.3125,306.5625,36.7875,472.264875,472.264875,1,0
14.34,1.926,0.15,0,7.704,0.6,61.3125,61.3125,306.5625,36.7875,472.63275,472.63275,1,0
14.35,1.9275,0.15,0,7.71,0.6,61.3125,61.3125,306.5625,36.7875,473.000625,473.000625,1,0
14.36,1.929,0.15,0,7.716,0.6,61.3125,61.3125,306.5625,36.7875,473.3685,473.3685,1,0
14.37,1.9305,0.15,0,7.722,0.6,61.3125,61.3125,306.5625,36.7875,473.736375,473.736375,1,0
14.38,1.932,0.15,0,7.728,0.6,61.3125,61.3125,306.5625,36.7875,474.10425,474.10425,1,0
14.39,1.9335,0.15,0,7.734,0.6,61.3125,61.3125,306.5625,36.7875,474.472125,474.472125,1,0
14.4,1.935,0.15,0,7.74,0.6,61.3125,61.3125,306.5625,36.7875,474.84,474.84,1,0
14.41,1.9365,0.15,0,7.746,0.6,61.3125,61.3125,306.5625,36.7875,475.207875,475.207875,1,0
14.42,1.938,0.15,0,7.752,0.6,61.3125,61.3125,306.5625,36.7875,475.57575,475.57575,1,0
14.43,1.9395,0.15,0,7.758,0.6,61.3125,61.3125,306.5625,36.7875,475.943625,475.943625,1,0
14.44,1.941,0.15,0,7.764,0.6,61.3125,61.3125,306.5625,36.7875,476.3115,476.3115,1,0
14.45,1.9425,0.15,0,7.77,0.6,61.3125,61.3125,306.5625,36.7875,476.679375,476.679375,1,0
14.46,1.944,0.15,0,7.776,0.6,61.3125,61.3125,306.5625,36.7875,477.04725,477.04725,1,0
14.47,1.9455,0.15,0,7.782,0.6,61.3125,61.3125,306.5625,36.7875,477.415125,477.415125,1,0
14.48,1.947,0.15,0,7.788,0.6,61.3125,61.3125,306.5625,36.7875,477.783,477.783,1,0
14.49,1.9485,0.15,0,7.794,0.6,61.3125,61.3125,306.5625,36.7875,478.150875,478.150875,1,0
14.5,1.95,0.15,0,7.8,0.6,61.3125,61.3125,306.5625,36.7875,478.51875,478.51875,1,0
14.51,1.9515,0.15,0,7.806,0.6,61.3125,61.3125,306.5625,36.7875,478.886625,478.886625,1,0
14.52,1.953,0.15,0,7.812,0.6,61.3125,61.3125,306.5625,36.7875,479.2545,479.2545,1,0
14.53,1.9545,0.15,0,7.818,0.6,61.3125,61.3125,306.5625,36.7875,479.622375,479.622375,1,0
14.54,1.956,0.15,0,7.824,0.6,61.3125,61.3125,306.5625,36.7875,479.99025,479.99025,1,0
14.55,1.9575,0.15,0,7.83,0.6,61.3125,61.3125,306.5625,36.7875,480.358125,480.358125,1,0
14.56,1.959,0.15,0,7.836,0.6,61.3125,61.3125,306.5625,36.7875,480.726,480.726,1,0
14.57,1.9605,0.15,0,7.842,0.6,61.3125,61.3125,306.5625,36.7875,481.093875,481.093875,1,0
14.58,1.962,0.15,0,7.848,0.6,61.3125,61.3125,306.5625,36.7875,481.46175,481.46175,1,0
14.59,1.9635,0.15,0,7.854,0.6,61.3125,61.3125,306.5625,36.7875,481.829625,481.829625,1,0
14.6,1.965,0.15,0,7.86,0.6,61.3125,61.3125,306.5625,36.7875,482.1975,482.1975,1,0
14.61,1.9665,0.15,0,7.866,0.6,61.3125,61.3125,306.5625,36.7875,482.565375,482.565375,1,0
14.62,1.968,0.15,0,7.872,0.6,61.3125,61.3125,306.5625,36.7875,482.93325,482.93325,1,0
14.63,1.9695,0.15,0,7.878,0.6,61.3125,61.3125,306.5625,36.7875,483.301125,483.301125,1,0
14.64,1.971,0.15,0,7.884,0.6,61.3125,61.3125,306.5625,36.7875,483.669,483.669,1,0
14.65,1.9725,0.15,0,7.89,0.6,61.3125,61.3125,306.5625,36.7875,484.036875,484.036875,1,0
14.66,1.974,0.15,0,7.896,0.6,61.3125,61.3125,306.5625,36.7875,484.40475,484.40475,1,0
14.67,1.9755,0.15,0,7.902,0.6,61.3125,61.3125,306.5625,36.7875,484.772625,484.772625,1,0
14.68,1.977,0.15,0,7.908,0.6,61.3125,61.3125,306.5625,36.7875,485.1405,485.1405,1,0
14.69,1.9785,0.15,0,7.914,0.6,61.3125,61.3125,306.5625,36.7875,485.508375,485.508375,1,0
14.7,1.98,0.15,0,7.92,0.6,61.3125,61.3125,306.5625,36.7875,485.87625,485.87625,1,0
14.71,1.9815,0.15,0,7.926,0.6,61.3125,61.3125,306.5625,36.7875,486.244125,486.244125,1,0
14.72,1.983,0.15,0,7.932,0.6,61.3125,61.3125,306.5625,36.7875,486.612,486.612,1,0
14.73,1.9845,0.15,0,7.938,0.6,61.3125,61.3125,306.5625,36.7875,486.979875,486.979875,1,0
14.74,1.986,0.15,0,7.944,0.6,61.3125,61.3125,306.5625,36.7875,487.34775,487.34775,1,0
14.75,1.9875,0.15,0,7.95,0.6,61.3125,61.3125,306.5625,36.7875,487.715625,487.715625,1,0
14.76,1.989,0.15,0,7.956,0.6,61.3125,61.3125,306.5625,36.7875,488.0835,488.0835,1,0
14.77,1.9905,0.15,0,7.962,0.6,61.3125,61.3125,306.5625,36.7875,488.451375,488.451375,1,0
14.78,1.992,0.15,0,7.968,0.6,61.3125,61.3125,306.5625,36.7875,488.81925,488.81925,1,0
14.79,1.9935,0.15,0,7.974,0.6,61.3125,61.3125,306.5625,36.7875,489.187125,489.187125,1,0
14.8,1.995,0.15,0,7.98,0.6,61.3125,61.3125,306.5625,36.7875,489.555,489.555,1,0
14.81,1.9965,0.15,0,7.986,0.6,61.3125,61.3125,306.5625,36.7875,489.922875,489.922875,1,0
14.82,1.998,0.15,0,7.992,0.6,61.3125,61.3125,306.5625,36.7875,490.29075,490.29075,1,0
14.83,1.9995,0.15,0,7.998,0.6,61.3125,61.3125,306.5625,36.7875,490.658625,490.658625,1,0
14.84,2.001,0.15,0,8.004,0.6,61.3125,61.3125,306.5625,36.7875,491.0265,491.0265,1,0
14.85,2.0025,0.15,0,8.01,0.6,61.3125,61.3125,306.5625,36.7875,491.394375,491.394375,1,0
14.86,2.004,0.15,0,8.016,0.6,61.3125,61.3125,306.5625,36.7875,491.76225,491.76225,1,0
14.87,2.0055,0.15,0,8.022,0.6,61.3125,61.3125,306.5625,36.7875,492.130125,492.130125,1,0
14.88,2.007,0.15,0,8.028,0.6,61.3125,61.3125,306.5625,36.7875,492.498,492.498,1,0
14.89,2.0085,0.15,0,8.034,0.6,61.3125,61.3125,306.5625,36.7875,492.865875,492.865875,1,0
14.9,2.01,0.15,0,8.04,0.6,61.3125,61.3125,306.5625,36.7875,493.23375,493.23375,1,0
14.91,2.0115,0.15,0,8.046,0.6,61.3125,61.3125,306.5625,36.7875,493.601625,493.601625,1,0
14.92,2.013,0.15,0,8.052,0.6,61.3125,61.3125,306.5625,36.7875,493.9695,493.9695,1,0
14.93,2.0145,0.15,0,8.058,0.6,61.3125,61.3125,306.5625,36.7875,494.337375,494.337375,1,0
14.94,2.016,0.15,0,8.064,0.6,61.3125,61.3125,306.5625,36.7875,494.70525,494.70525,1,0
14.95,2.0175,0.15,0,8.07,0.6,61.3125,61.3125,306.5625,36.7875,495.073125,495.073125,1,0
14.96,2.019,0.15,0,8.076,0.6,61.3125,61.3125,306.5625,36.7875,495.441,495.441,1,0
14.97,2.0205,0.15,0,8.082,0.6,61.3125,61.3125,306.5625,36.7875,495.808875,495.808875,1,0
14.98,2.022,0.15,0,8.088,0.6,61.3125,61.3125,306.5625,36.7875,496.17675,496.17675,1,0
14.99,2.0235,0.15,0,8.094,0.6,61.3125,61.3125,306.5625,36.7875,496.544625,496.544625,1,0
15,2.025,0.15,0,8.1,0.6,61.3125,61.3125,306.5625,36.7875,496.9125,496.9125,1,0
15.01,2.0265,0.15,0,8.106,0.6,61.3125,61.3125,306.5625,36.7875,497.280375,497.280375,1,0
15.02,2.028,0.15,0,8.112,0.6,61.3125,61.3125,306.5625,36.7875,497.64825,497.64825,1,0
15.03,2.0295,0.15,0,8.118,0.6,61.3125,61.3125,306.5625,36.7875,498.016125,498.016125,1,0
15.04,2.031,0.15,0,8.124,0.6,61.3125,61.3125,306.5625,36.7875,498.384,498.384,1,0
15.05,2.0325,0.15,0,8.13,0.6,61.3125,61.3125,306.5625,36.7875,498.751875,498.751875,1,0
15.06,2.034,0.15,0,8.136,0.6,61.3125,61.3125,306.5625,36.7875,499.11975,499.11975,1,0
15.07,2.0355,0.15,0,8.142,0.6,61.3125,61.3125,306.5625,36.7875,499.487625,499.487625,1,0
15.08,2.037,0.15,0,8.148,0.6,61.3125,61.3125,306.5625,36.7875,499.8555,499.8555,1,0
15.09,2.0385,0.15,0,8.154,0.6,61.3125,61.3125,306.5625,36.7875,500.223375,500.223375,1,0
15.1,2.04,0.15,0,8.16,0.6,61.3125,61.3125,306.5625,36.7875,500.59125,500.59125,1,0
15.11,2.0415,0.15,0,8.166,0.6,61.3125,61.3125,306.5625,36.7875,500.959125,500.959125,1,0
15.12,2.043,0.15,0,8.172,0.6,61.3125,61.3125,306.5625,36.7875,501.327,501.327,1,0
15.13,2.0445,0.15,0,8.178,0.6,61.3125,61.3125,306.5625,36.7875,501.694875,501.694875,1,0
15.14,2.046,0.15,0,8.184,0.6,61.3125,61.3125,306.5625,36.7875,502.06275,502.06275,1,0
15.15,2.0475,0.15,0,8.19,0.6,61.3125,61.3125,306.5625,36.7875,502.430625,502.430625,1,0
15.16,2.049,0.15,0,8.196,0.6,61.3125,61.3125,306.5625,36.7875,502.7985,502.7985,1,0
15.17,2.0505,0.15,0,8.202,0.6,61.3125,61.3125,306.5625,36.7875,503.166375,503.166375,1,0
15.18,2.052,0.15,0,8.208,0.6,61.3125,61.3125,306.5625,36.7875,503.53425,503.53425,1,0
15.19,2.0535,0.15,0,8.214,0.6,61.3125,61.3125,306.5625,36.7875,503.902125,503.902125,1,0
15.2,2.055,0.15,0,8.22,0.6,61.3125,61.3125,306.5625,36.7875,504.27,504.27,1,0
15.21,2.0565,0.15,0,8.226,0.6,61.3125,61.3125,306.5625,36.7875,504.637875,504.637875,1,0
15.22,2.058,0.15,0,8.232,0.6,61.3125,61.3125,306.5625,36.7875,505.00575,505.00575,1,0
15.23,2.0595,0.15,0,8.238,0.6,61.3125,61.3125,306.5625,36.7875,505.373625,505.373625,1,0
15.24,2.061,0.15,0,8.244,0.6,61.3125,61.3125,306.5625,36.7875,505.7415,505.7415,1,0
15.25,2.0625,0.15,0,8.25,0.6,61.3125,61.3125,306.5625,36.7875,506.109375,506.109375,1,0
15.26,2.064,0.15,0,8.256,0.6,61.3125,61.3125,306.5625,36.7875,506.47725,506.47725,1,0
15.27,2.0655,0.15,0,8.262,0.6,61.3125,61.3125,306.5625,36.7875,506.845125,506.845125,1,0
15.28,2.067,0.15,0,8.268,0.6,61.3125,61.3125,306.5625,36.7875,507.213,507.213,1,0
15.29,2.0685,0.15,0,8.274,0.6,61.3125,61.3125,306.5625,36.7875,507.580875,507.580875,1,0
15.3,2.07,0.15,0,8.28,0.6,61.3125,61.3125,306.5625,36.7875,507.94875,507.94875,1,0
15.31,2.0715,0.15,0,8.286,0.6,61.3125,61.3125,306.5625,36.7875,508.316625,508.316625,1,0
15.32,2.073,0.15,0,8.292,0.6,61.3125,61.3125,306.5625,36.7875,508.6845,508.6845,1,0
15.33,2.0745,0.15,0,8.298,0.6,61.3125,61.3125,306.5625,36.7875,509.052375,509.052375,1,0
15.34,2.076,0.15,0,8.304,0.6,61.3125,61.3125,306.5625,36.7875,509.42025,509.42025,1,0
15.35,2.0775,0.15,0,8.31,0.6,61.3125,61.3125,306.5625,36.7875,509.788125,509.788125,1,0
15.36,2.079,0.15,0,8.316,0.6,61.3125,61.3125,306.5625,36.7875,510.156,510.156,1,0
15.37,2.0805,0.15,0,8.322,0.6,61.3125,61.3125,306.5625,36.7875,510.523875,510.523875,1,0
15.38,2.082,0.15,0,8.328,0.6,61.3125,61.3125,306.5625,36.7875,510.89175,510.89175,1,0
15.39,2.0835,0.15,0,8.334,0.6,61.3125,61.3125,306.5625,36.7875,511.259625,511.259625,1,0
15.4,2.085,0.15,0,8.34,0.6,61.3125,61.3125,306.5625,36.7875,511.6275,511.6275,1,0
15.41,2.0865,0.15,0,8.346,0.6,61.3125,61.3125,306.5625,36.7875,511.995375,511.995375,1,0
15.42,2.088,0.15,0,8.352,0.6,61.3125,61.3125,306.5625,36.7875,512.36325,512.36325,1,0
15.43,2.0895,0.15,0,8.358,0.6,61.3125,61.3125,306.5625,36.7875,512.731125,512.731125,1,0
15.44,2.091,0.15,0,8.364,0.6,61.3125,61.3125,306.5625,36.7875,513.099,513.099,1,0
15.45,2.0925,0.15,0,8.37,0.6,61.3125,61.3125,306.5625,36.7875,513.466875,513.466875,1,0
15.46,2.094,0.15,0,8.376,0.6,61.3125,61.3125,306.5625,36.7875,513.83475,513.83475,1,0
15.47,2.0955,0.15,0,8.382,0.6,61.3125,61.3125,306.5625,36.7875,514.202625,514.202625,1,0
15.48,2.097,0.15,0,8.388,0.6,61.3125,61.3125,306.5625,36.7875,514.5705,514.5705,1,0
15.49,2.0985,0.15,0,8.394,0.6,61.3125,61.3125,306.5625,36.7875,514.938375,514.938375,1,0
15.5,2.1,0.15,0,8.4,0.6,61.3125,61.3125,306.5625,36.7875,515.30625,515.30625,1,0
15.51,2.1015,0.15,0,8.406,0.6,61.3125,61.3125,306.5625,36.7875,515.674125,515.674125,1,0
15.52,2.103,0.15,0,8.412,0.6,61.3125,61.3125,306.5625,36.7875,516.042,516.042,1,0
15.53,2.1045,0.15,0,8.418,0.6,61.3125,61.3125,306.5625,36.7875,516.409875,516.409875,1,0
15.54,2.106,0.15,0,8.424,0.6,61.3125,61.3125,306.5625,36.7875,516.77775,516.77775,1,0
15.55,2.1075,0.15,0,8.43,0.6,61.3125,61.3125,306.5625,36.7875,517.145625,517.145625,1,0
15.56,2.109,0.15,0,8.436,0.6,61.3125,61.3125,306.5625,36.7875,517.5135,517.5135,1,0
15.57,2.1105,0.15,0,8.442,0.6,61.3125,61.3125,306.5625,36.7875,517.881375,517.881375,1,0
15.58,2.112,0.15,0,8.448,0.6,61.3125,61.3125,306.5625,36.7875,518.24925,518.24925,1,0
15.59,2.1135,0.15,0,8.454,0.6,61.3125,61.3125,306.5625,36.7875,518.617125,518.617125,1,0
15.6,2.115,0.15,0,8.46,0.6,61.3125,61.3125,306.5625,36.7875,518.985,518.985,1,0
15.61,2.1165,0.15,0,8.466,0.6,61.3125,61.3125,306.5625,36.7875,519.352875,519.352875,1,0
15.62,2.118,0.15,0,8.472,0.6,61.3125,61.3125,306.5625,36.7875,519.72075,519.72075,1,0
15.63,2.1195,0.15,0,8.478,0.6,61.3125,61.3125,306.5625,36.7875,520.088625,520.088625,1,0
15.64,2.121,0.15,0,8.484,0.6,61.3125,61.3125,306.5625,36.7875,520.4565,520.4565,1,0
15.65,2.1225,0.15,0,8.49,0.6,61.3125,61.3125,306.5625,36.7875,520.824375,520.824375,1,0
15.66,2.124,0.15,0,8.496,0.6,61.3125,61.3125,306.5625,36.7875,521.19225,521.19225,1,0
15.67,2.1255,0.15,0,8.502,0.6,61.3125,61.3125,306.5625,36.7875,521.560125,521.560125,1,0
15.68,2.127,0.15,0,8.508,0.6,61.3125,61.3125,306.5625,36.7875,521.928,521.928,1,0
15.69,2.1285,0.15,0,8.514,0.6,61.3125,61.3125,306.5625,36.7875,522.295875,522.295875,1,0
15.7,2.13,0.15,0,8.52,0.6,61.3125,61.3125,306.5625,36.7875,522.66375,522.66375,1,0
15.71,2.1315,0.15,0,8.526,0.6,61.3125,61.3125,306.5625,36.7875,523.031625,523.031625,1,0
15.72,2.133,0.15,0,8.532,0.6,61.3125,61.3125,306.5625,36.7875,523.3995,523.3995,1,0
15.73,2.1345,0.15,0,8.538,0.6,61.3125,61.3125,306.5625,36.7875,523.767375,523.767375,1,0
15.74,2.136,0.15,0,8.544,0.6,61.3125,61.3125,306.5625,36.7875,524.13525,524.13525,1,0
15.75,2.1375,0.15,0,8.55,0.6,61.3125,61.3125,306.5625,36.7875,524.503125,524.503125,1,0
15.76,2.139,0.15,0,8.556,0.6,61.3125,61.3125,306.5625,36.7875,524.871,524.871,1,0
15.77,2.1405,0.15,0,8.562,0.6,61.3125,61.3125,306.5625,36.7875,525.238875,525.238875,1,0
15.78,2.142,0.15,0,8.568,0.6,61.3125,61.3125,306.5625,36.7875,525.60675,525.60675,1,0
15.79,2.1435,0.15,0,8.574,0.6,61.3125,61.3125,306.5625,36.7875,525.974625,525.974625,1,0
15.8,2.145,0.15,0,8.58,0.6,61.3125,61.3125,306.5625,36.7875,526.3425,526.3425,1,0
15.81,2.1465,0.15,0,8.586,0.6,61.3125,61.3125,306.5625,36.7875,526.710375,526.710375,1,0
15.82,2.148,0.15,0,8.592,0.6,61.3125,61.3125,306.5625,36.7875,527.07825,527.07825,1,0
15.83,2.1495,0.15,0,8.598,0.6,61.3125,61.3125,306.5625,36.7875,527.446125,527.446125,1,0
15.84,2.151,0.15,0,8.604,0.6,61.3125,61.3125,306.5625,36.7875,527.814,527.814,1,0
15.85,2.1525,0.15,0,8.61,0.6,61.3125,61.3125,306.5625,36.7875,528.181875,528.181875,1,0
15.86,2.154,0.15,0,8.616,0.6,61.3125,61.3125,306.5625,36.7875,528.54975,528.54975,1,0
15.87,2.1555,0.15,0,8.622,0.6,61.3125,61.3125,306.5625,36.7875,528.917625,528.917625,1,0
15.88,2.157,0.15,0,8.628,0.6,61.3125,61.3125,306.5625,36.7875,529.2855,529.2855,1,0
15.89,2.1585,0.15,0,8.634,0.6,61.3125,61.3125,306.5625,36.7875,529.653375,529.653375,1,0
15.9,2.16,0.15,0,8.64,0.6,61.3125,61.3125,306.5625,36.7875,530.02125,530.02125,1,0
15.91,2.1615,0.15,0,8.646,0.6,61.3125,61.3125,306.5625,36.7875,530.389125,530.389125,1,0
15.92,2.163,0.15,0,8.652,0.6,61.3125,61.3125,306.5625,36.7875,530.757,530.757,1,0
15.93,2.1645,0.15,0,8.658,0.6,61.3125,61.3125,306.5625,36.7875,531.124875,531.124875,1,0
15.94,2.166,0.15,0,8.664,0.6,61.3125,61.3125,306.5625,36.7875,531.49275,531.49275,1,0
15.95,2.1675,0.15,0,8.67,0.6,61.3125,61.3125,306.5625,36.7875,531.860625,531.860625,1,0
15.96,2.169,0.15,0,8.676,0.6,61.3125,61.3125,306.5625,36.7875,532.2285,532.2285,1,0
15.97,2.1705,0.15,0,8.682,0.6,61.3125,61.3125,306.5625,36.7875,532.596375,532.596375,1,0
15.98,2.172,0.15,0,8.688,0.6,61.3125,61.3125,306.5625,36.7875,532.96425,532.96425,1,0
15.99,2.1735,0.15,0,8.694,0.6,61.3125,61.3125,306.5625,36.7875,533.332125,533.332125,1,0
16,2.175,0.15,-0.15,8.7,0.6,60.375,60.375,301.875,36.225,533.7,533.7,0.9847094801,0
16.01,2.1764925,0.1485,-0.15,8.70597,0.594,60.375,60.375,301.875,35.86275,534.0604388,534.0604388,0.9847094801,0
16.02,2.17797,0.147,-0.15,8.71188,0.588,60.375,60.375,301.875,35.5005,534.417255,534.417255,0.9847094801,0
16.03,2.1794325,0.1455,-0.15,8.71773,0.582,60.375,60.375,301.875,35.13825,534.7704488,534.7704488,0.9847094801,0
16.04,2.18088,0.144,-0.15,8.72352,0.576,60.375,60.375,301.875,34.776,535.12002,535.12002,0.9847094801,0
16.05,2.1823125,0.1425,-0.15,8.72925,0.57,60.375,60.375,301.875,34.41375,535.4659687,535.4659687,0.9847094801,0
16.06,2.18373,0.141,-0.15,8.73492,0.564,60.375,60.375,301.875,34.0515,535.808295,535.808295,0.9847094801,0
16.07,2.1851325,0.1395,-0.15,8.74053,0.558,60.375,60.375,301.875,33.68925,536.1469988,536.1469988,0.9847094801,0
16.08,2.18652,0.138,-0.15,8.74608,0.552,60.375,60.375,301.875,33.327,536.48208,536.48208,0.9847094801,0
16.09,2.1878925,0.1365,-0.15,8.75157,0.546,60.375,60.375,301.875,32.96475,536.8135387,536.8135387,0.9847094801,0
16.1,2.18925,0.135,-0.15,8.757,0.54,60.375,60.375,301.875,32.6025,537.141375,537.141375,0.9847094801,0
16.11,2.1905925,0.1335,-0.15,8.76237,0.534,60.375,60.375,301.875,32.24025,537.4655888,537.4655888,0.9847094801,0
16.12,2.19192,0.132,-0.15,8.76768,0.528,60.375,60.375,301.875,31.878,537.78618,537.78618,0.9847094801,0
16.13,2.1932325,0.1305,-0.15,8.77293,0.522,60.375,60.375,301.875,31.51575,538.1031487,538.1031487,0.9847094801,0
16.14,2.19453,0.129,-0.15,8.77812,0.516,60.375,60.375,301.875,31.1535,538.416495,538.416495,0.9847094801,0
16.15,2.1958125,0.1275,-0.15,8.78325,0.51,60.375,60.375,301.875,30.79125,538.7262187,538.7262187,0.9847094801,0
16.16,2.19708,0.126,-0.15,8.78832,0.504,60.375,60.375,301.875,30.429,539.03232,539.03232,0.9847094801,0
16.17,2.1983325,0.1245,-0.15,8.79333,0.498,60.375,60.375,301.875,30.06675,539.3347987,539.3347987,0.9847094801,0
16.18,2.19957,0.123,-0.15,8.79828,0.492,60.375,60.375,301.875,29.7045,539.633655,539.633655,0.9847094801,0
16.19,2.2007925,0.1215,-0.15,8.80317,0.486,60.375,60.375,301.875,29.34225,539.9288888,539.9288888,0.9847094801,0
16.2,2.202,0.12,-0.15,8.808,0.48,60.375,60.375,301.875,28.98,540.2205,540.2205,0.9847094801,0
16.21,2.2031925,0.1185,-0.15,8.81277,0.474,60.375,60.375,301.875,28.61775,540.5084888,540.5084888,0.9847094801,0
16.22,2.20437,0.117,-0.15,8.81748,0.468,60.375,60.375,301.875,28.2555,540.792855,540.792855,0.9847094801,0
16.23,2.2055325,0.1155,-0.15,8.82213,0.462,60.375,60.375,301.875,27.89325,541.0735987,541.0735987,0.9847094801,0
16.24,2.20668,0.114,-0.15,8.82672,0.456,60.375,60.375,301.875,27.531,541.35072,541.35072,0.9847094801,0
16.25,2.2078125,0.1125,-0.15,8.83125,0.45,60.375,60.375,301.875,27.16875,541.6242188,541.6242188,0.9847094801,0
16.26,2.20893,0.111,-0.15,8.83572,0.444,60.375,60.375,301.875,26.8065,541.894095,541.894095,0.9847094801,0
16.27,2.2100325,0.1095,-0.15,8.84013,0.438,60.375,60.375,301.875,26.44425,542.1603488,542.1603488,0.9847094801,0
16.28,2.21112,0.108,-0.15,8.84448,0.432,60.375,60.375,301.875,26.082,542.42298,542.42298,0.9847094801,0
16.29,2.2121925,0.1065,-0.15,8.84877,0.426,60.375,60.375,301.875,25.71975,542.6819888,542.6819888,0.9847094801,0
16.3,2.21325,0.105,-0.15,8.853,0.42,60.375,60.375,301.875,25.3575,542.937375,542.937375,0.9847094801,0
16.31,2.2142925,0.1035,-0.15,8.85717,0.414,60.375,60.375,301.875,24.99525,543.1891388,543.1891388,0.9847094801,0
16.32,2.21532,0.102,-0.15,8.86128,0.408,60.375,60.375,301.875,24.633,543.43728,543.43728,0.9847094801,0
16.33,2.2163325,0.1005,-0.15,8.86533,0.402,60.375,60.375,301.875,24.27075,543.6817987,543.6817987,0.9847094801,0
16.34,2.21733,0.099,-0.15,8.86932,0.396,60.375,60.375,301.875,23.9085,543.922695,543.922695,0.9847094801,0
16.35,2.2183125,0.0975,-0.15,8.87325,0.39,60.375,60.375,301.875,23.54625,544.1599687,544.1599687,0.9847094801,0
16.36,2.21928,0.096,-0.15,8.87712,0.384,60.375,60.375,301.875,23.184,544.39362,544.39362,0.9847094801,0
16.37,2.2202325,0.0945,-0.15,8.88093,0.378,60.375,60.375,301.875,22.82175,544.6236487,544.6236487,0.9847094801,0
16.38,2.22117,0.093,-0.15,8.88468,0.372,60.375,60.375,301.875,22.4595,544.850055,544.850055,0.9847094801,0
16.39,2.2220925,0.0915,-0.15,8.88837,0.366,60.375,60.375,301.875,22.09725,545.0728387,545.0728387,0.9847094801,0
16.4,2.223,0.09,-0.15,8.892,0.36,60.375,60.375,301.875,21.735,545.292,545.292,0.9847094801,0
16.41,2.2238925,0.0885,-0.15,8.89557,0.354,60.375,60.375,301.875,21.37275,545.5075387,545.5075387,0.9847094801,0
16.42,2.22477,0.087,-0.15,8.89908,0.348,60.375,60.375,301.875,21.0105,545.719455,545.719455,0.9847094801,0
16.43,2.2256325,0.0855,-0.15,8.90253,0.342,60.375,60.375,301.875,20.64825,545.9277488,545.9277488,0.9847094801,0
16.44,2.22648,0.084,-0.15,8.90592,0.336,60.375,60.375,301.875,20.286,546.13242,546.13242,0.9847094801,0
16.45,2.2273125,0.0825,-0.15,8.90925,0.33,60.375,60.375,301.875,19.92375,546.3334688,546.3334688,0.9847094801,0
16.46,2.22813,0.081,-0.15,8.91252,0.324,60.375,60.375,301.875,19.5615,546.530895,546.530895,0.9847094801,0
16.47,2.2289325,0.0795,-0.15,8.91573,0.318,60.375,60.375,301.875,19.19925,546.7246988,546.7246988,0.9847094801,0
16.48,2.22972,0.078,-0.15,8.91888,0.312,60.375,60.375,301.875,18.837,546.91488,546.91488,0.9847094801,0
16.49,2.2304925,0.0765,-0.15,8.92197,0.306,60.375,60.375,301.875,18.47475,547.1014387,547.1014387,0.9847094801,0
16.5,2.23125,0.075,-0.15,8.925,0.3,60.375,60.375,301.875,18.1125,547.284375,547.284375,0.9847094801,0
16.51,2.2319925,0.0735,-0.15,8.92797,0.294,60.375,60.375,301.875,17.75025,547.4636887,547.4636887,0.9847094801,0
16.52,2.23272,0.072,-0.15,8.93088,0.288,60.375,60.375,301.875,17.388,547.63938,547.63938,0.9847094801,0
16.53,2.2334325,0.0705,-0.15,8.93373,0.282,60.375,60.375,301.875,17.02575,547.8114488,547.8114488,0.9847094801,0
16.54,2.23413,0.069,-0.15,8.93652,0.276,60.375,60.375,301.875,16.6635,547.979895,547.979895,0.9847094801,0
16.55,2.2348125,0.0675,-0.15,8.93925,0.27,60.375,60.375,301.875,16.30125,548.1447188,548.1447188,0.9847094801,0
16.56,2.23548,0.066,-0.15,8.94192,0.264,60.375,60.375,301.875,15.939,548.30592,548.30592,0.9847094801,0
16.57,2.2361325,0.0645,-0.15,8.94453,0.258,60.375,60.375,301.875,15.57675,548.4634987,548.4634987,0.9847094801,0
16.58,2.23677,0.063,-0.15,8.94708,0.252,60.375,60.375,301.875,15.2145,548.617455,548.617455,0.9847094801,0
16.59,2.2373925,0.0615,-0.15,8.94957,0.246,60.375,60.375,301.875,14.85225,548.7677888,548.7677888,0.9847094801,0
16.6,2.238,0.06,-0.15,8.952,0.24,60.375,60.375,301.875,14.49,548.9145,548.9145,0.9847094801,0
16.61,2.2385925,0.0585,-0.15,8.95437,0.234,60.375,60.375,301.875,14.12775,549.0575888,549.0575888,0.9847094801,0
16.62,2.23917,0.057,-0.15,8.95668,0.228,60.375,60.375,301.875,13.7655,549.197055,549.197055,0.9847094801,0
16.63,2.2397325,0.0555,-0.15,8.95893,0.222,60.375,60.375,301.875,13.40325,549.3328987,549.3328987,0.9847094801,0
16.64,2.24028,0.054,-0.15,8.96112,0.216,60.375,60.375,301.875,13.041,549.46512,549.46512,0.9847094801,0
16.65,2.2408125,0.0525,-0.15,8.96325,0.21,60.375,60.375,301.875,12.67875,549.5937188,549.5937188,0.9847094801,0
16.66,2.24133,0.051,-0.15,8.96532,0.204,60.375,60.375,301.875,12.3165,549.718695,549.718695,0.9847094801,0
16.67,2.2418325,0.0495,-0.15,8.96733,0.198,60.375,60.375,301.875,11.95425,549.8400488,549.8400488,0.9847094801,0
16.68,2.24232,0.048,-0.15,8.96928,0.192,60.375,60.375,301.875,11.592,549.95778,549.95778,0.9847094801,0
16.69,2.2427925,0.0465,-0.15,8.97117,0.186,60.375,60.375,301.875,11.22975,550.0718888,550.0718888,0.9847094801,0
16.7,2.24325,0.045,-0.15,8.973,0.18,60.375,60.375,301.875,10.8675,550.182375,550.182375,0.9847094801,0
16.71,2.2436925,0.0435,-0.15,8.97477,0.174,60.375,60.375,301.875,10.50525,550.2892388,550.2892388,0.9847094801,0
16.72,2.24412,0.042,-0.15,8.97648,0.168,60.375,60.375,301.875,10.143,550.39248,550.39248,0.9847094801,0
16.73,2.2445325,0.0405,-0.15,8.97813,0.162,60.375,60.375,301.875,9.78075,550.4920988,550.4920988,0.9847094801,0
16.74,2.24493,0.039,-0.15,8.97972,0.156,60.375,60.375,301.875,9.4185,550.588095,550.588095,0.9847094801,0
16.75,2.2453125,0.0375,-0.15,8.98125,0.15,60.375,60.375,301.875,9.05625,550.6804688,550.6804688,0.9847094801,0
16.76,2.24568,0.036,-0.15,8.98272,0.144,60.375,60.375,301.875,8.694,550.76922,550.76922,0.9847094801,0
16.77,2.2460325,0.0345,-0.15,8.98413,0.138,60.375,60.375,301.875,8.33175,550.8543487,550.8543487,0.9847094801,0
16.78,2.24637,0.033,-0.15,8.98548,0.132,60.375,60.375,301.875,7.9695,550.935855,550.935855,0.9847094801,0
16.79,2.2466925,0.0315,-0.15,8.98677,0.126,60.375,60.375,301.875,7.60725,551.0137388,551.0137388,0.9847094801,0
16.8,2.247,0.03,-0.15,8.988,0.12,60.375,60.375,301.875,7.245,551.088,551.088,0.9847094801,0
16.81,2.2472925,0.0285,-0.15,8.98917,0.114,60.375,60.375,301.875,6.88275,551.1586387,551.1586387,0.9847094801,0
16.82,2.24757,0.027,-0.15,8.99028,0.108,60.375,60.375,301.875,6.5205,551.225655,551.225655,0.9847094801,0
16.83,2.2478325,0.0255,-0.15,8.99133,0.102,60.375,60.375,301.875,6.15825,551.2890487,551.2890487,0.9847094801,0
16.84,2.24808,0.024,-0.15,8.99232,0.096,60.375,60.375,301.875,5.796,551.34882,551.34882,0.9847094801,0
16.85,2.2483125,0.0225,-0.15,8.99325,0.09,60.375,60.375,301.875,5.43375,551.4049688,551.4049688,0.9847094801,0
16.86,2.24853,0.021,-0.15,8.99412,0.084,60.375,60.375,301.875,5.0715,551.457495,551.457495,0.9847094801,0
16.87,2.2487325,0.0195,-0.15,8.99493,0.078,60.375,60.375,301.875,4.70925,551.5063987,551.5063987,0.9847094801,0
16.88,2.24892,0.018,-0.15,8.99568,0.072,60.375,60.375,301.875,4.347,551.55168,551.55168,0.9847094801,0
16.89,2.2490925,0.0165,-0.15,8.99637,0.066,60.375,60.375,301.875,3.98475,551.5933387,551.5933387,0.9847094801,0
16.9,2.24925,0.015,-0.15,8.997,0.06,60.375,60.375,301.875,3.6225,551.631375,551.631375,0.9847094801,0
16.91,2.2493925,0.0135,-0.15,8.99757,0.054,60.375,60.375,301.875,3.26025,551.6657887,551.6657887,0.9847094801,0
16.92,2.24952,0.012,-0.15,8.99808,0.048,60.375,60.375,301.875,2.898,551.69658,551.69658,0.9847094801,0
16.93,2.2496325,0.0105,-0.15,8.99853,0.042,60.375,60.375,301.875,2.53575,551.7237487,551.7237487,0.9847094801,0
16.94,2.24973,0.009,-0.15,8.99892,0.036,60.375,60.375,301.875,2.1735,551.747295,551.747295,0.9847094801,0
16.95,2.2498125,0.0075,-0.15,8.99925,0.03,60.375,60.375,301.875,1.81125,551.7672187,551.7672187,0.9847094801,0
16.96,2.24988,0.006,-0.15,8.99952,0.024,60.375,60.375,301.875,1.449,551.78352,551.78352,0.9847094801,0
16.97,2.2499325,0.0045,-0.15,8.99973,0.018,60.375,60.375,301.875,1.08675,551.7961987,551.7961987,0.9847094801,0
16.98,2.24997,0.003,-0.15,8.99988,0.012,60.375,60.375,301.875,0.7245,551.805255,551.805255,0.9847094801,0
16.99,2.2499925,0.0015,-0.15,8.99997,0.006,60.375,60.375,301.875,0.36225,551.8106887,551.8106887,0.9847094801,0
17,2.25,-8.326672685e-17,0,9,-3.330669074e-16,61.3125,61.3125,306.5625,-2.042116476e-14,551.8125,551.8125,1,0
17.01,2.25,-7.220786469e-17,0,9,-2.888314588e-16,61.3125,61.3125,306.5625,-1.770897881e-14,551.8125,551.8125,1,0
17.02,2.25,3.495467804e-16,0,9,1.398187122e-15,61.3125,61.3125,306.5625,8.57263479e-14,551.8125,551.8125,1,0
17.03,2.25,-8.326672685e-17,0,9,-3.330669074e-16,61.3125,61.3125,306.5625,-2.042116476e-14,551.8125,551.8125,1,0
17.04,2.25,-7.806255642e-17,0,9,-3.122502257e-16,61.3125,61.3125,306.5625,-1.914484196e-14,551.8125,551.8125,1,0
17.05,2.25,3.495467804e-16,0,9,1.398187122e-15,61.3125,61.3125,306.5625,8.57263479e-14,551.8125,551.8125,1,0
17.06,2.25,-8.847089727e-17,0,9,-3.538835891e-16,61.3125,61.3125,306.5625,-2.169748756e-14,551.8125,551.8125,1,0
17.07,2.25,-7.806255642e-17,0,9,-3.122502257e-16,61.3125,61.3125,306.5625,-1.914484196e-14,551.8125,551.8125,1,0
17.08,2.25,-7.285838599e-17,0,9,-2.91433544e-16,61.3125,61.3125,306.5625,-1.786851916e-14,551.8125,551.8125,1,0
17.09,2.25,-8.847089727e-17,0,9,-3.538835891e-16,61.3125,61.3125,306.5625,-2.169748756e-14,551.8125,551.8125,1,0
17.1,2.25,-7.806255642e-17,0,9,-3.122502257e-16,61.3125,61.3125,306.5625,-1.914484196e-14,551.8125,551.8125,1,0
17.11,2.25,-7.285838599e-17,0,9,-2.91433544e-16,61.3125,61.3125,306.5625,-1.786851916e-14,551.8125,551.8125,1,0
17.12,2.25,-9.020562075e-17,0,9,-3.60822483e-16,61.3125,61.3125,306.5625,-2.212292849e-14,551.8125,551.8125,1,0
17.13,2.25,-8.326672685e-17,0,9,-3.330669074e-16,61.3125,61.3125,306.5625,-2.042116476e-14,551.8125,551.8125,1,0
17.14,2.25,-7.285838599e-17,0,9,-2.91433544e-16,61.3125,61.3125,306.5625,-1.786851916e-14,551.8125,551.8125,1,0
17.15,2.25,3.504141421e-16,0,9,1.401656569e-15,61.3125,61.3125,306.5625,8.593906836e-14,551.8125,551.8125,1,0
17.16,2.25,-8.326672685e-17,0,9,-3.330669074e-16,61.3125,61.3125,306.5625,-2.042116476e-14,551.8125,551.8125,1,0
17.17,2.25,-7.285838599e-17,0,9,-2.91433544e-16,61.3125,61.3125,306.5625,-1.786851916e-14,551.8125,551.8125,1,0
17.18,2.25,3.504141421e-16,0,9,1.401656569e-15,61.3125,61.3125,306.5625,8.593906836e-14,551.8125,551.8125,1,0
17.19,2.25,-8.326672685e-17,0,9,-3.330669074e-16,61.3125,61.3125,306.5625,-2.042116476e-14,551.8125,551.8125,1,0
17.2,2.25,-7.979727989e-17,0,9,-3.191891196e-16,61.3125,61.3125,306.5625,-1.957028289e-14,551.8125,551.8125,1,0
17.21,2.25,3.469446952e-16,0,9,1.387778781e-15,61.3125,61.3125,306.5625,8.50881865e-14,551.8125,551.8125,1,0
17.22,2.25,-9.020562075e-17,0,9,-3.60822483e-16,61.3125,61.3125,306.5625,-2.212292849e-14,551.8125,551.8125,1,0
17.23,2.25,-7.632783294e-17,0,9,-3.053113318e-16,61.3125,61.3125,306.5625,-1.871940103e-14,551.8125,551.8125,1,0
17.24,2.25,-7.632783294e-17,0,9,-3.053113318e-16,61.3125,61.3125,306.5625,-1.871940103e-14,551.8125,551.8125,1,0
17.25,2.25,-9.020562075e-17,0,9,-3.60822483e-16,61.3125,61.3125,306.5625,-2.212292849e-14,551.8125,551.8125,1,0
17.26,2.25,-7.632783294e-17,0,9,-3.053113318e-16,61.3125,61.3125,306.5625,-1.871940103e-14,551.8125,551.8125,1,0
17.27,2.25,-7.632783294e-17,0,9,-3.053113318e-16,61.3125,61.3125,306.5625,-1.871940103e-14,551.8125,551.8125,1,0
17.28,2.25,-9.020562075e-17,0,9,-3.60822483e-16,61.3125,61.3125,306.5625,-2.212292849e-14,551.8125,551.8125,1,0
17.29,2.25,-8.326672685e-17,0,9,-3.330669074e-16,61.3125,61.3125,306.5625,-2.042116476e-14,551.8125,551.8125,1,0
17.3,2.25,-7.632783294e-17,0,9,-3.053113318e-16,61.3125,61.3125,306.5625,-1.871940103e-14,551.8125,551.8125,1,0
17.31,2.25,3.469446952e-16,0,9,1.387778781e-15,61.3125,61.3125,306.5625,8.50881865e-14,551.8125,551.8125,1,0
17.32,2.25,-8.326672685e-17,0,9,-3.330669074e-16,61.3125,61.3125,306.5625,-2.042116476e-14,551.8125,551.8125,1,0
17.33,2.25,-7.632783294e-17,0,9,-3.053113318e-16,61.3125,61.3125,306.5625,-1.871940103e-14,551.8125,551.8125,1,0
17.34,2.25,3.469446952e-16,0,9,1.387778781e-15,61.3125,61.3125,306.5625,8.50881865e-14,551.8125,551.8125,1,0
17.35,2.25,-8.326672685e-17,0,9,-3.330669074e-16,61.3125,61.3125,306.5625,-2.042116476e-14,551.8125,551.8125,1,0
17.36,2.25,-7.632783294e-17,0,9,-3.053113318e-16,61.3125,61.3125,306.5625,-1.871940103e-14,551.8125,551.8125,1,0
17.37,2.25,3.469446952e-16,0,9,1.387778781e-15,61.3125,61.3125,306.5625,8.50881865e-14,551.8125,551.8125,1,0
17.38,2.25,-9.020562075e-17,0,9,-3.60822483e-16,61.3125,61.3125,306.5625,-2.212292849e-14,551.8125,551.8125,1,0
17.39,2.25,-8.326672685e-17,0,9,-3.330669074e-16,61.3125,61.3125,306.5625,-2.042116476e-14,551.8125,551.8125,1,0
17.4,2.25,-7.632783294e-17,0,9,-3.053113318e-16,61.3125,61.3125,306.5625,-1.871940103e-14,551.8125,551.8125,1,0
17.41,2.25,-9.020562075e-17,0,9,-3.60822483e-16,61.3125,61.3125,306.5625,-2.212292849e-14,551.8125,551.8125,1,0
17.42,2.25,-8.326672685e-17,0,9,-3.330669074e-16,61.3125,61.3125,306.5625,-2.042116476e-14,551.8125,551.8125,1,0
17.43,2.25,-6.938893904e-17,0,9,-2.775557562e-16,61.3125,61.3125,306.5625,-1.70176373e-14,551.8125,551.8125,1,0
17.44,2.25,-9.714451465e-17,0,9,-3.885780586e-16,61.3125,61.3125,306.5625,-2.382469222e-14,551.8125,551.8125,1,0
17.45,2.25,-8.326672685e-17,0,9,-3.330669074e-16,61.3125,61.3125,306.5625,-2.042116476e-14,551.8125,551.8125,1,0
17.46,2.25,-6.938893904e-17,0,9,-2.775557562e-16,61.3125,61.3125,306.5625,-1.70176373e-14,551.8125,551.8125,1,0
17.47,2.25,3.469446952e-16,0,9,1.387778781e-15,61.3125,61.3125,306.5625,8.50881865e-14,551.8125,551.8125,1,0
17.48,2.25,-8.326672685e-17,0,9,-3.330669074e-16,61.3125,61.3125,306.5625,-2.042116476e-14,551.8125,551.8125,1,0
17.49,2.25,-8.326672685e-17,0,9,-3.330669074e-16,61.3125,61.3125,306.5625,-2.042116476e-14,551.8125,551.8125,1,0
17.5,2.25,3.747002708e-16,0,9,1.498801083e-15,61.3125,61.3125,306.5625,9.189524142e-14,551.8125,551.8125,1,0
17.51,2.25,-8.326672685e-17,0,9,-3.330669074e-16,61.3125,61.3125,306.5625,-2.042116476e-14,551.8125,551.8125,1,0
17.52,2.25,-8.326672685e-17,0,9,-3.330669074e-16,61.3125,61.3125,306.5625,-2.042116476e-14,551.8125,551.8125,1,0
17.53,2.25,3.747002708e-16,0,9,1.498801083e-15,61.3125,61.3125,306.5625,9.189524142e-14,551.8125,551.8125,1,0
17.54,2.25,-9.714451465e-17,0,9,-3.885780586e-16,61.3125,61.3125,306.5625,-2.382469222e-14,551.8125,551.8125,1,0
17.55,2.25,-8.326672685e-17,0,9,-3.330669074e-16,61.3125,61.3125,306.5625,-2.042116476e-14,551.8125,551.8125,1,0
17.56,2.25,-6.938893904e-17,0,9,-2.775557562e-16,61.3125,61.3125,306.5625,-1.70176373e-14,551.8125,551.8125,1,0
17.57,2.25,-9.714451465e-17,0,9,-3.885780586e-16,61.3125,61.3125,306.5625,-2.382469222e-14,551.8125,551.8125,1,0
17.58,2.25,-8.326672685e-17,0,9,-3.330669074e-16,61.3125,61.3125,306.5625,-2.042116476e-14,551.8125,551.8125,1,0
17.59,2.25,-6.938893904e-17,0,9,-2.775557562e-16,61.3125,61.3125,306.5625,-1.70176373e-14,551.8125,551.8125,1,0
17.6,2.25,-9.714451465e-17,0,9,-3.885780586e-16,61.3125,61.3125,306.5625,-2.382469222e-14,551.8125,551.8125,1,0
17.61,2.25,-8.326672685e-17,0,9,-3.330669074e-16,61.3125,61.3125,306.5625,-2.042116476e-14,551.8125,551.8125,1,0
17.62,2.25,-6.938893904e-17,0,9,-2.775557562e-16,61.3125,61.3125,306.5625,-1.70176373e-14,551.8125,551.8125,1,0
17.63,2.25,3.747002708e-16,0,9,1.498801083e-15,61.3125,61.3125,306.5625,9.189524142e-14,551.8125,551.8125,1,0
17.64,2.25,-8.326672685e-17,0,9,-3.330669074e-16,61.3125,61.3125,306.5625,-2.042116476e-14,551.8125,551.8125,1,0
17.65,2.25,-8.326672685e-17,0,9,-3.330669074e-16,61.3125,61.3125,306.5625,-2.042116476e-14,551.8125,551.8125,1,0
17.66,2.25,3.747002708e-16,0,9,1.498801083e-15,61.3125,61.3125,306.5625,9.189524142e-14,551.8125,551.8125,1,0
17.67,2.25,-5.551115123e-17,0,9,-2.220446049e-16,61.3125,61.3125,306.5625,-1.361410984e-14,551.8125,551.8125,1,0
17.68,2.25,-8.326672685e-17,0,9,-3.330669074e-16,61.3125,61.3125,306.5625,-2.042116476e-14,551.8125,551.8125,1,0
17.69,2.25,3.747002708e-16,0,9,1.498801083e-15,61.3125,61.3125,306.5625,9.189524142e-14,551.8125,551.8125,1,0
17.7,2.25,-9.714451465e-17,0,9,-3.885780586e-16,61.3125,61.3125,306.5625,-2.382469222e-14,551.8125,551.8125,1,0
17.71,2.25,-8.326672685e-17,0,9,-3.330669074e-16,61.3125,61.3125,306.5625,-2.042116476e-14,551.8125,551.8125,1,0
17.72,2.25,-9.714451465e-17,0,9,-3.885780586e-16,61.3125,61.3125,306.5625,-2.382469222e-14,551.8125,551.8125,1,0
17.73,2.25,-9.714451465e-17,0,9,-3.885780586e-16,61.3125,61.3125,306.5625,-2.382469222e-14,551.8125,551.8125,1,0
17.74,2.25,-5.551115123e-17,0,9,-2.220446049e-16,61.3125,61.3125,306.5625,-1.361410984e-14,551.8125,551.8125,1,0
17.75,2.25,-1.110223025e-16,0,9,-4.440892099e-16,61.3125,61.3125,306.5625,-2.722821968e-14,551.8125,551.8125,1,0
17.76,2.25,-9.714451465e-17,0,9,-3.885780586e-16,61.3125,61.3125,306.5625,-2.382469222e-14,551.8125,551.8125,1,0
17.77,2.25,-5.551115123e-17,0,9,-2.220446049e-16,61.3125,61.3125,306.5625,-1.361410984e-14,551.8125,551.8125,1,0
17.78,2.25,-1.110223025e-16,0,9,-4.440892099e-16,61.3125,61.3125,306.5625,-2.722821968e-14,551.8125,551.8125,1,0
17.79,2.25,3.747002708e-16,0,9,1.498801083e-15,61.3125,61.3125,306.5625,9.189524142e-14,551.8125,551.8125,1,0
17.8,2.25,-5.551115123e-17,0,9,-2.220446049e-16,61.3125,61.3125,306.5625,-1.361410984e-14,551.8125,551.8125,1,0
17.81,2.25,-8.326672685e-17,0,9,-3.330669074e-16,61.3125,61.3125,306.5625,-2.042116476e-14,551.8125,551.8125,1,0
17.82,2.25,3.747002708e-16,0,9,1.498801083e-15,61.3125,61.3125,306.5625,9.189524142e-14,551.8125,551.8125,1,0
17.83,2.25,-9.714451465e-17,0,9,-3.885780586e-16,61.3125,61.3125,306.5625,-2.382469222e-14,551.8125,551.8125,1,0
17.84,2.25,-8.326672685e-17,0,9,-3.330669074e-16,61.3125,61.3125,306.5625,-2.042116476e-14,551.8125,551.8125,1,0
17.85,2.25,3.60822483e-16,0,9,1.443289932e-15,61.3125,61.3125,306.5625,8.849171396e-14,551.8125,551.8125,1,0
17.86,2.25,-8.326672685e-17,0,9,-3.330669074e-16,61.3125,61.3125,306.5625,-2.042116476e-14,551.8125,551.8125,1,0
17.87,2.25,-8.326672685e-17,0,9,-3.330669074e-16,61.3125,61.3125,306.5625,-2.042116476e-14,551.8125,551.8125,1,0
17.88,2.25,-1.110223025e-16,0,9,-4.440892099e-16,61.3125,61.3125,306.5625,-2.722821968e-14,551.8125,551.8125,1,0
17.89,2.25,-8.326672685e-17,0,9,-3.330669074e-16,61.3125,61.3125,306.5625,-2.042116476e-14,551.8125,551.8125,1,0
17.9,2.25,-5.551115123e-17,0,9,-2.220446049e-16,61.3125,61.3125,306.5625,-1.361410984e-14,551.8125,551.8125,1,0
17.91,2.25,-1.110223025e-16,0,9,-4.440892099e-16,61.3125,61.3125,306.5625,-2.722821968e-14,551.8125,551.8125,1,0
17.92,2.25,-8.326672685e-17,0,9,-3.330669074e-16,61.3125,61.3125,306.5625,-2.042116476e-14,551.8125,551.8125,1,0
17.93,2.25,-5.551115123e-17,0,9,-2.220446049e-16,61.3125,61.3125,306.5625,-1.361410984e-14,551.8125,551.8125,1,0
17.94,2.25,-1.110223025e-16,0,9,-4.440892099e-16,61.3125,61.3125,306.5625,-2.722821968e-14,551.8125,551.8125,1,0
17.95,2.25,3.60822483e-16,0,9,1.443289932e-15,61.3125,61.3125,306.5625,8.849171396e-14,551.8125,551.8125,1,0
17.96,2.25,-5.551115123e-17,0,9,-2.220446049e-16,61.3125,61.3125,306.5625,-1.361410984e-14,551.8125,551.8125,1,0
17.97,2.25,-8.326672685e-17,0,9,-3.330669074e-16,61.3125,61.3125,306.5625,-2.042116476e-14,551.8125,551.8125,1,0
17.98,2.25,3.60822483e-16,0,9,1.443289932e-15,61.3125,61.3125,306.5625,8.849171396e-14,551.8125,551.8125,1,0
17.99,2.25,-8.326672685e-17,0,9,-3.330669074e-16,61.3125,61.3125,306.5625,-2.042116476e-14,551.8125,551.8125,1,0
18,2.25,-8.326672685e-17,0,9,-3.330669074e-16,61.3125,61.3125,306.5625,-2.042116476e-14,551.8125,551.8125,1,0
18.01,2.25,3.60822483e-16,0,9,1.443289932e-15,61.3125,61.3125,306.5625,8.849171396e-14,551.8125,551.8125,1,0
18.02,2.25,-8.326672685e-17,0,9,-3.330669074e-16,61.3125,61.3125,306.5625,-2.042116476e-14,551.8125,551.8125,1,0
18.03,2.25,-8.326672685e-17,0,9,-3.330669074e-16,61.3125,61.3125,306.5625,-2.042116476e-14,551.8125,551.8125,1,0
18.04,2.25,-1.110223025e-16,0,9,-4.440892099e-16,61.3125,61.3125,306.5625,-2.722821968e-14,551.8125,551.8125,1,0
18.05,2.25,-8.326672685e-17,0,9,-3.330669074e-16,61.3125,61.3125,306.5625,-2.042116476e-14,551.8125,551.8125,1,0
18.06,2.25,-5.551115123e-17,0,9,-2.220446049e-16,61.3125,61.3125,306.5625,-1.361410984e-14,551.8125,551.8125,1,0
18.07,2.25,-1.110223025e-16,0,9,-4.440892099e-16,61.3125,61.3125,306.5625,-2.722821968e-14,551.8125,551.8125,1,0
18.08,2.25,3.60822483e-16,0,9,1.443289932e-15,61.3125,61.3125,306.5625,8.849171396e-14,551.8125,551.8125,1,0
18.09,2.25,-5.551115123e-17,0,9,-2.220446049e-16,61.3125,61.3125,306.5625,-1.361410984e-14,551.8125,551.8125,1,0
18.1,2.25,-1.110223025e-16,0,9,-4.440892099e-16,61.3125,61.3125,306.5625,-2.722821968e-14,551.8125,551.8125,1,0
18.11,2.25,3.60822483e-16,0,9,1.443289932e-15,61.3125,61.3125,306.5625,8.849171396e-14,551.8125,551.8125,1,0
18.12,2.25,-5.551115123e-17,0,9,-2.220446049e-16,61.3125,61.3125,306.5625,-1.361410984e-14,551.8125,551.8125,1,0
18.13,2.25,-8.326672685e-17,0,9,-3.330669074e-16,61.3125,61.3125,306.5625,-2.042116476e-14,551.8125,551.8125,1,0
18.14,2.25,3.60822483e-16,0,9,1.443289932e-15,61.3125,61.3125,306.5625,8.849171396e-14,551.8125,551.8125,1,0
18.15,2.25,-8.326672685e-17,0,9,-3.330669074e-16,61.3125,61.3125,306.5625,-2.042116476e-14,551.8125,551.8125,1,0
18.16,2.25,-8.326672685e-17,0,9,-3.330669074e-16,61.3125,61.3125,306.5625,-2.042116476e-14,551.8125,551.8125,1,0
18.17,2.25,3.60822483e-16,0,9,1.443289932e-15,61.3125,61.3125,306.5625,8.849171396e-14,551.8125,551.8125,1,0
18.18,2.25,-8.326672685e-17,0,9,-3.330669074e-16,61.3125,61.3125,306.5625,-2.042116476e-14,551.8125,551.8125,1,0
18.19,2.25,-8.326672685e-17,0,9,-3.330669074e-16,61.3125,61.3125,306.5625,-2.042116476e-14,551.8125,551.8125,1,0
18.2,2.25,-1.110223025e-16,0,9,-4.440892099e-16,61.3125,61.3125,306.5625,-2.722821968e-14,551.8125,551.8125,1,0
18.21,2.25,-8.326672685e-17,0,9,-3.330669074e-16,61.3125,61.3125,306.5625,-2.042116476e-14,551.8125,551.8125,1,0
18.22,2.25,-5.551115123e-17,0,9,-2.220446049e-16,61.3125,61.3125,306.5625,-1.361410984e-14,551.8125,551.8125,1,0
18.23,2.25,-1.110223025e-16,0,9,-4.440892099e-16,61.3125,61.3125,306.5625,-2.722821968e-14,551.8125,551.8125,1,0
18.24,2.25,3.60822483e-16,0,9,1.443289932e-15,61.3125,61.3125,306.5625,8.849171396e-14,551.8125,551.8125,1,0
18.25,2.25,-5.551115123e-17,0,9,-2.220446049e-16,61.3125,61.3125,306.5625,-1.361410984e-14,551.8125,551.8125,1,0
18.26,2.25,-1.110223025e-16,0,9,-4.440892099e-16,61.3125,61.3125,306.5625,-2.722821968e-14,551.8125,551.8125,1,0
18.27,2.25,3.60822483e-16,0,9,1.443289932e-15,61.3125,61.3125,306.5625,8.849171396e-14,551.8125,551.8125,1,0
18.28,2.25,-5.551115123e-17,0,9,-2.220446049e-16,61.3125,61.3125,306.5625,-1.361410984e-14,551.8125,551.8125,1,0
18.29,2.25,-8.326672685e-17,0,9,-3.330669074e-16,61.3125,61.3125,306.5625,-2.042116476e-14,551.8125,551.8125,1,0
18.3,2.25,3.60822483e-16,0,9,1.443289932e-15,61.3125,61.3125,306.5625,8.849171396e-14,551.8125,551.8125,1,0
18.31,2.25,-8.326672685e-17,0,9,-3.330669074e-16,61.3125,61.3125,306.5625,-2.042116476e-14,551.8125,551.8125,1,0
18.32,2.25,-8.326672685e-17,0,9,-3.330669074e-16,61.3125,61.3125,306.5625,-2.042116476e-14,551.8125,551.8125,1,0
18.33,2.25,-1.110223025e-16,0,9,-4.440892099e-16,61.3125,61.3125,306.5625,-2.722821968e-14,551.8125,551.8125,1,0
18.34,2.25,-8.326672685e-17,0,9,-3.330669074e-16,61.3125,61.3125,306.5625,-2.042116476e-14,551.8125,551.8125,1,0
18.35,2.25,-8.326672685e-17,0,9,-3.330669074e-16,61.3125,61.3125,306.5625,-2.042116476e-14,551.8125,551.8125,1,0
18.36,2.25,-1.110223025e-16,0,9,-4.440892099e-16,61.3125,61.3125,306.5625,-2.722821968e-14,551.8125,551.8125,1,0
18.37,2.25,-8.326672685e-17,0,9,-3.330669074e-16,61.3125,61.3125,306.5625,-2.042116476e-14,551.8125,551.8125,1,0
18.38,2.25,-5.551115123e-17,0,9,-2.220446049e-16,61.3125,61.3125,306.5625,-1.361410984e-14,551.8125,551.8125,1,0
18.39,2.25,-1.110223025e-16,0,9,-4.440892099e-16,61.3125,61.3125,306.5625,-2.722821968e-14,551.8125,551.8125,1,0
18.4,2.25,3.60822483e-16,0,9,1.443289932e-15,61.3125,61.3125,306.5625,8.849171396e-14,551.8125,551.8125,1,0
18.41,2.25,-5.551115123e-17,0,9,-2.220446049e-16,61.3125,61.3125,306.5625,-1.361410984e-14,551.8125,551.8125,1,0
18.42,2.25,-1.110223025e-16,0,9,-4.440892099e-16,61.3125,61.3125,306.5625,-2.722821968e-14,551.8125,551.8125,1,0
18.43,2.25,3.60822483e-16,0,9,1.443289932e-15,61.3125,61.3125,306.5625,8.849171396e-14,551.8125,551.8125,1,0
18.44,2.25,-5.551115123e-17,0,9,-2.220446049e-16,61.3125,61.3125,306.5625,-1.361410984e-14,551.8125,551.8125,1,0
18.45,2.25,-8.326672685e-17,0,9,-3.330669074e-16,61.3125,61.3125,306.5625,-2.042116476e-14,551.8125,551.8125,1,0
18.46,2.25,3.60822483e-16,0,9,1.443289932e-15,61.3125,61.3125,306.5625,8.849171396e-14,551.8125,551.8125,1,0
18.47,2.25,-8.326672685e-17,0,9,-3.330669074e-16,61.3125,61.3125,306.5625,-2.042116476e-14,551.8125,551.8125,1,0
18.48,2.25,-8.326672685e-17,0,9,-3.330669074e-16,61.3125,61.3125,306.5625,-2.042116476e-14,551.8125,551.8125,1,0
18.49,2.25,-1.110223025e-16,0,9,-4.440892099e-16,61.3125,61.3125,306.5625,-2.722821968e-14,551.8125,551.8125,1,0
18.5,2.25,-1.110223025e-16,0,9,-4.440892099e-16,61.3125,61.3125,306.5625,-2.722821968e-14,551.8125,551.8125,1,0
18.51,2.25,-8.326672685e-17,0,9,-3.330669074e-16,61.3125,61.3125,306.5625,-2.042116476e-14,551.8125,551.8125,1,0
18.52,2.25,-1.110223025e-16,0,9,-4.440892099e-16,61.3125,61.3125,306.5625,-2.722821968e-14,551.8125,551.8125,1,0
18.53,2.25,-1.110223025e-16,0,9,-4.440892099e-16,61.3125,61.3125,306.5625,-2.722821968e-14,551.8125,551.8125,1,0
18.54,2.25,-5.551115123e-17,0,9,-2.220446049e-16,61.3125,61.3125,306.5625,-1.361410984e-14,551.8125,551.8125,1,0
18.55,2.25,-1.110223025e-16,0,9,-4.440892099e-16,61.3125,61.3125,306.5625,-2.722821968e-14,551.8125,551.8125,1,0
18.56,2.25,3.60822483e-16,0,9,1.443289932e-15,61.3125,61.3125,306.5625,8.849171396e-14,551.8125,551.8125,1,0
18.57,2.25,-5.551115123e-17,0,9,-2.220446049e-16,61.3125,61.3125,306.5625,-1.361410984e-14,551.8125,551.8125,1,0
18.58,2.25,-8.326672685e-17,0,9,-3.330669074e-16,61.3125,61.3125,306.5625,-2.042116476e-14,551.8125,551.8125,1,0
18.59,2.25,3.60822483e-16,0,9,1.443289932e-15,61.3125,61.3125,306.5625,8.849171396e-14,551.8125,551.8125,1,0
18.6,2.25,-5.551115123e-17,0,9,-2.220446049e-16,61.3125,61.3125,306.5625,-1.361410984e-14,551.8125,551.8125,1,0
18.61,2.25,-8.326672685e-17,0,9,-3.330669074e-16,61.3125,61.3125,306.5625,-2.042116476e-14,551.8125,551.8125,1,0
18.62,2.25,3.60822483e-16,0,9,1.443289932e-15,61.3125,61.3125,306.5625,8.849171396e-14,551.8125,551.8125,1,0
18.63,2.25,-1.110223025e-16,0,9,-4.440892099e-16,61.3125,61.3125,306.5625,-2.722821968e-14,551.8125,551.8125,1,0
18.64,2.25,-8.326672685e-17,0,9,-3.330669074e-16,61.3125,61.3125,306.5625,-2.042116476e-14,551.8125,551.8125,1,0
18.65,2.25,-1.110223025e-16,0,9,-4.440892099e-16,61.3125,61.3125,306.5625,-2.722821968e-14,551.8125,551.8125,1,0
18.66,2.25,-1.110223025e-16,0,9,-4.440892099e-16,61.3125,61.3125,306.5625,-2.722821968e-14,551.8125,551.8125,1,0
18.67,2.25,-1.110223025e-16,0,9,-4.440892099e-16,61.3125,61.3125,306.5625,-2.722821968e-14,551.8125,551.8125,1,0
18.68,2.25,-1.110223025e-16,0,9,-4.440892099e-16,61.3125,61.3125,306.5625,-2.722821968e-14,551.8125,551.8125,1,0
18.69,2.25,-1.110223025e-16,0,9,-4.440892099e-16,61.3125,61.3125,306.5625,-2.722821968e-14,551.8125,551.8125,1,0
18.7,2.25,-5.551115123e-17,0,9,-2.220446049e-16,61.3125,61.3125,306.5625,-1.361410984e-14,551.8125,551.8125,1,0
18.71,2.25,-1.110223025e-16,0,9,-4.440892099e-16,61.3125,61.3125,306.5625,-2.722821968e-14,551.8125,551.8125,1,0
18.72,2.25,3.885780586e-16,0,9,1.554312234e-15,61.3125,61.3125,306.5625,9.529876888e-14,551.8125,551.8125,1,0
18.73,2.25,-5.551115123e-17,0,9,-2.220446049e-16,61.3125,61.3125,306.5625,-1.361410984e-14,551.8125,551.8125,1,0
18.74,2.25,-1.110223025e-16,0,9,-4.440892099e-16,61.3125,61.3125,306.5625,-2.722821968e-14,551.8125,551.8125,1,0
18.75,2.25,3.885780586e-16,0,9,1.554312234e-15,61.3125,61.3125,306.5625,9.529876888e-14,551.8125,551.8125,1,0
18.76,2.25,-5.551115123e-17,0,9,-2.220446049e-16,61.3125,61.3125,306.5625,-1.361410984e-14,551.8125,551.8125,1,0
18.77,2.25,-1.110223025e-16,0,9,-4.440892099e-16,61.3125,61.3125,306.5625,-2.722821968e-14,551.8125,551.8125,1,0
18.78,2.25,3.885780586e-16,0,9,1.554312234e-15,61.3125,61.3125,306.5625,9.529876888e-14,551.8125,551.8125,1,0
18.79,2.25,-1.110223025e-16,0,9,-4.440892099e-16,61.3125,61.3125,306.5625,-2.722821968e-14,551.8125,551.8125,1,0
18.8,2.25,-1.110223025e-16,0,9,-4.440892099e-16,61.3125,61.3125,306.5625,-2.722821968e-14,551.8125,551.8125,1,0
18.81,2.25,-1.110223025e-16,0,9,-4.440892099e-16,61.3125,61.3125,306.5625,-2.722821968e-14,551.8125,551.8125,1,0
18.82,2.25,-1.110223025e-16,0,9,-4.440892099e-16,61.3125,61.3125,306.5625,-2.722821968e-14,551.8125,551.8125,1,0
18.83,2.25,-5.551115123e-17,0,9,-2.220446049e-16,61.3125,61.3125,306.5625,-1.361410984e-14,551.8125,551.8125,1,0
18.84,2.25,-1.110223025e-16,0,9,-4.440892099e-16,61.3125,61.3125,306.5625,-2.722821968e-14,551.8125,551.8125,1,0
18.85,2.25,-1.110223025e-16,0,9,-4.440892099e-16,61.3125,61.3125,306.5625,-2.722821968e-14,551.8125,551.8125,1,0
18.86,2.25,-5.551115123e-17,0,9,-2.220446049e-16,61.3125,61.3125,306.5625,-1.361410984e-14,551.8125,551.8125,1,0
18.87,2.25,-1.110223025e-16,0,9,-4.440892099e-16,61.3125,61.3125,306.5625,-2.722821968e-14,551.8125,551.8125,1,0
18.88,2.25,3.885780586e-16,0,9,1.554312234e-15,61.3125,61.3125,306.5625,9.529876888e-14,551.8125,551.8125,1,0
18.89,2.25,-5.551115123e-17,0,9,-2.220446049e-16,61.3125,61.3125,306.5625,-1.361410984e-14,551.8125,551.8125,1,0
18.9,2.25,-1.110223025e-16,0,9,-4.440892099e-16,61.3125,61.3125,306.5625,-2.722821968e-14,551.8125,551.8125,1,0
18.91,2.25,3.885780586e-16,0,9,1.554312234e-15,61.3125,61.3125,306.5625,9.529876888e-14,551.8125,551.8125,1,0
18.92,2.25,-5.551115123e-17,0,9,-2.220446049e-16,61.3125,61.3125,306.5625,-1.361410984e-14,551.8125,551.8125,1,0
18.93,2.25,-1.110223025e-16,0,9,-4.440892099e-16,61.3125,61.3125,306.5625,-2.722821968e-14,551.8125,551.8125,1,0
18.94,2.25,3.885780586e-16,0,9,1.554312234e-15,61.3125,61.3125,306.5625,9.529876888e-14,551.8125,551.8125,1,0
18.95,2.25,-1.110223025e-16,0,9,-4.440892099e-16,61.3125,61.3125,306.5625,-2.722821968e-14,551.8125,551.8125,1,0
18.96,2.25,-1.110223025e-16,0,9,-4.440892099e-16,61.3125,61.3125,306.5625,-2.722821968e-14,551.8125,551.8125,1,0
18.97,2.25,-1.110223025e-16,0,9,-4.440892099e-16,61.3125,61.3125,306.5625,-2.722821968e-14,551.8125,551.8125,1,0
18.98,2.25,-1.110223025e-16,0,9,-4.440892099e-16,61.3125,61.3125,306.5625,-2.722821968e-14,551.8125,551.8125,1,0
18.99,2.25,-5.551115123e-17,0,9,-2.220446049e-16,61.3125,61.3125,306.5625,-1.361410984e-14,551.8125,551.8125,1,0
19,2.25,-5.551115123e-17,0,9,-2.220446049e-16,61.3125,61.3125,306.5625,-1.361410984e-14,551.8125,551.8125,1,0
19.01,2.25,-1.110223025e-16,0,9,-4.440892099e-16,61.3125,61.3125,306.5625,-2.722821968e-14,551.8125,551.8125,1,0
19.02,2.25,-5.551115123e-17,0,9,-2.220446049e-16,61.3125,61.3125,306.5625,-1.361410984e-14,551.8125,551.8125,1,0
19.03,2.25,-5.551115123e-17,0,9,-2.220446049e-16,61.3125,61.3125,306.5625,-1.361410984e-14,551.8125,551.8125,1,0
19.04,2.25,3.885780586e-16,0,9,1.554312234e-15,61.3125,61.3125,306.5625,9.529876888e-14,551.8125,551.8125,1,0
19.05,2.25,-5.551115123e-17,0,9,-2.220446049e-16,61.3125,61.3125,306.5625,-1.361410984e-14,551.8125,551.8125,1,0
19.06,2.25,-1.110223025e-16,0,9,-4.440892099e-16,61.3125,61.3125,306.5625,-2.722821968e-14,551.8125,551.8125,1,0
19.07,2.25,3.885780586e-16,0,9,1.554312234e-15,61.3125,61.3125,306.5625,9.529876888e-14,551.8125,551.8125,1,0
19.08,2.25,-1.110223025e-16,0,9,-4.440892099e-16,61.3125,61.3125,306.5625,-2.722821968e-14,551.8125,551.8125,1,0
19.09,2.25,-1.110223025e-16,0,9,-4.440892099e-16,61.3125,61.3125,306.5625,-2.722821968e-14,551.8125,551.8125,1,0
19.1,2.25,3.885780586e-16,0,9,1.554312234e-15,61.3125,61.3125,306.5625,9.529876888e-14,551.8125,551.8125,1,0
19.11,2.25,-1.110223025e-16,0,9,-4.440892099e-16,61.3125,61.3125,306.5625,-2.722821968e-14,551.8125,551.8125,1,0
19.12,2.25,-1.110223025e-16,0,9,-4.440892099e-16,61.3125,61.3125,306.5625,-2.722821968e-14,551.8125,551.8125,1,0
19.13,2.25,-5.551115123e-17,0,9,-2.220446049e-16,61.3125,61.3125,306.5625,-1.361410984e-14,551.8125,551.8125,1,0
19.14,2.25,-1.110223025e-16,0,9,-4.440892099e-16,61.3125,61.3125,306.5625,-2.722821968e-14,551.8125,551.8125,1,0
19.15,2.25,-5.551115123e-17,0,9,-2.220446049e-16,61.3125,61.3125,306.5625,-1.361410984e-14,551.8125,551.8125,1,0
19.16,2.25,-5.551115123e-17,0,9,-2.220446049e-16,61.3125,61.3125,306.5625,-1.361410984e-14,551.8125,551.8125,1,0
19.17,2.25,-1.110223025e-16,0,9,-4.440892099e-16,61.3125,61.3125,306.5625,-2.722821968e-14,551.8125,551.8125,1,0
19.18,2.25,-5.551115123e-17,0,9,-2.220446049e-16,61.3125,61.3125,306.5625,-1.361410984e-14,551.8125,551.8125,1,0
19.19,2.25,-5.551115123e-17,0,9,-2.220446049e-16,61.3125,61.3125,306.5625,-1.361410984e-14,551.8125,551.8125,1,0
19.2,2.25,3.885780586e-16,0,9,1.554312234e-15,61.3125,61.3125,306.5625,9.529876888e-14,551.8125,551.8125,1,0
19.21,2.25,-5.551115123e-17,0,9,-2.220446049e-16,61.3125,61.3125,306.5625,-1.361410984e-14,551.8125,551.8125,1,0
19.22,2.25,-1.110223025e-16,0,9,-4.440892099e-16,61.3125,61.3125,306.5625,-2.722821968e-14,551.8125,551.8125,1,0
19.23,2.25,3.885780586e-16,0,9,1.554312234e-15,61.3125,61.3125,306.5625,9.529876888e-14,551.8125,551.8125,1,0
19.24,2.25,-1.110223025e-16,0,9,-4.440892099e-16,61.3125,61.3125,306.5625,-2.722821968e-14,551.8125,551.8125,1,0
19.25,2.25,-1.110223025e-16,0,9,-4.440892099e-16,61.3125,61.3125,306.5625,-2.722821968e-14,551.8125,551.8125,1,0
19.26,2.25,3.885780586e-16,0,9,1.554312234e-15,61.3125,61.3125,306.5625,9.529876888e-14,551.8125,551.8125,1,0
19.27,2.25,-1.110223025e-16,0,9,-4.440892099e-16,61.3125,61.3125,306.5625,-2.722821968e-14,551.8125,551.8125,1,0
19.28,2.25,-1.110223025e-16,0,9,-4.440892099e-16,61.3125,61.3125,306.5625,-2.722821968e-14,551.8125,551.8125,1,0
19.29,2.25,-5.551115123e-17,0,9,-2.220446049e-16,61.3125,61.3125,306.5625,-1.361410984e-14,551.8125,551.8125,1,0
19.3,2.25,-1.110223025e-16,0,9,-4.440892099e-16,61.3125,61.3125,306.5625,-2.722821968e-14,551.8125,551.8125,1,0
19.31,2.25,-5.551115123e-17,0,9,-2.220446049e-16,61.3125,61.3125,306.5625,-1.361410984e-14,551.8125,551.8125,1,0
19.32,2.25,-5.551115123e-17,0,9,-2.220446049e-16,61.3125,61.3125,306.5625,-1.361410984e-14,551.8125,551.8125,1,0
19.33,2.25,3.885780586e-16,0,9,1.554312234e-15,61.3125,61.3125,306.5625,9.529876888e-14,551.8125,551.8125,1,0
19.34,2.25,-1.110223025e-16,0,9,-4.440892099e-16,61.3125,61.3125,306.5625,-2.722821968e-14,551.8125,551.8125,1,0
19.35,2.25,-5.551115123e-17,0,9,-2.220446049e-16,61.3125,61.3125,306.5625,-1.361410984e-14,551.8125,551.8125,1,0
19.36,2.25,3.885780586e-16,0,9,1.554312234e-15,61.3125,61.3125,306.5625,9.529876888e-14,551.8125,551.8125,1,0
19.37,2.25,-1.110223025e-16,0,9,-4.440892099e-16,61.3125,61.3125,306.5625,-2.722821968e-14,551.8125,551.8125,1,0
19.38,2.25,-5.551115123e-17,0,9,-2.220446049e-16,61.3125,61.3125,306.5625,-1.361410984e-14,551.8125,551.8125,1,0
19.39,2.25,3.885780586e-16,0,9,1.554312234e-15,61.3125,61.3125,306.5625,9.529876888e-14,551.8125,551.8125,1,0
19.4,2.25,-1.110223025e-16,0,9,-4.440892099e-16,61.3125,61.3125,306.5625,-2.722821968e-14,551.8125,551.8125,1,0
19.41,2.25,-5.551115123e-17,0,9,-2.220446049e-16,61.3125,61.3125,306.5625,-1.361410984e-14,551.8125,551.8125,1,0
19.42,2.25,3.885780586e-16,0,9,1.554312234e-15,61.3125,61.3125,306.5625,9.529876888e-14,551.8125,551.8125,1,0
19.43,2.25,-1.110223025e-16,0,9,-4.440892099e-16,61.3125,61.3125,306.5625,-2.722821968e-14,551.8125,551.8125,1,0
19.44,2.25,-5.551115123e-17,0,9,-2.220446049e-16,61.3125,61.3125,306.5625,-1.361410984e-14,551.8125,551.8125,1,0
19.45,2.25,-5.551115123e-17,0,9,-2.220446049e-16,61.3125,61.3125,306.5625,-1.361410984e-14,551.8125,551.8125,1,0
19.46,2.25,-1.110223025e-16,0,9,-4.440892099e-16,61.3125,61.3125,306.5625,-2.722821968e-14,551.8125,551.8125,1,0
19.47,2.25,-1.110223025e-16,0,9,-4.440892099e-16,61.3125,61.3125,306.5625,-2.722821968e-14,551.8125,551.8125,1,0
19.48,2.25,-5.551115123e-17,0,9,-2.220446049e-16,61.3125,61.3125,306.5625,-1.361410984e-14,551.8125,551.8125,1,0
19.49,2.25,3.885780586e-16,0,9,1.554312234e-15,61.3125,61.3125,306.5625,9.529876888e-14,551.8125,551.8125,1,0
19.5,2.25,-1.110223025e-16,0,9,-4.440892099e-16,61.3125,61.3125,306.5625,-2.722821968e-14,551.8125,551.8125,1,0
19.51,2.25,-5.551115123e-17,0,9,-2.220446049e-16,61.3125,61.3125,306.5625,-1.361410984e-14,551.8125,551.8125,1,0
19.52,2.25,3.885780586e-16,0,9,1.554312234e-15,61.3125,61.3125,306.5625,9.529876888e-14,551.8125,551.8125,1,0
19.53,2.25,-1.110223025e-16,0,9,-4.440892099e-16,61.3125,61.3125,306.5625,-2.722821968e-14,551.8125,551.8125,1,0
19.54,2.25,-5.551115123e-17,0,9,-2.220446049e-16,61.3125,61.3125,306.5625,-1.361410984e-14,551.8125,551.8125,1,0
19.55,2.25,3.885780586e-16,0,9,1.554312234e-15,61.3125,61.3125,306.5625,9.529876888e-14,551.8125,551.8125,1,0
19.56,2.25,-1.110223025e-16,0,9,-4.440892099e-16,61.3125,61.3125,306.5625,-2.722821968e-14,551.8125,551.8125,1,0
19.57,2.25,-5.551115123e-17,0,9,-2.220446049e-16,61.3125,61.3125,306.5625,-1.361410984e-14,551.8125,551.8125,1,0
19.58,2.25,-5.551115123e-17,0,9,-2.220446049e-16,61.3125,61.3125,306.5625,-1.361410984e-14,551.8125,551.8125,1,0
19.59,2.25,-1.110223025e-16,0,9,-4.440892099e-16,61.3125,61.3125,306.5625,-2.722821968e-14,551.8125,551.8125,1,0
19.6,2.25,-5.551115123e-17,0,9,-2.220446049e-16,61.3125,61.3125,306.5625,-1.361410984e-14,551.8125,551.8125,1,0
19.61,2.25,-5.551115123e-17,0,9,-2.220446049e-16,61.3125,61.3125,306.5625,-1.361410984e-14,551.8125,551.8125,1,0
19.62,2.25,-1.110223025e-16,0,9,-4.440892099e-16,61.3125,61.3125,306.5625,-2.722821968e-14,551.8125,551.8125,1,0
19.63,2.25,-1.110223025e-16,0,9,-4.440892099e-16,61.3125,61.3125,306.5625,-2.722821968e-14,551.8125,551.8125,1,0
19.64,2.25,-5.551115123e-17,0,9,-2.220446049e-16,61.3125,61.3125,306.5625,-1.361410984e-14,551.8125,551.8125,1,0
19.65,2.25,3.885780586e-16,0,9,1.554312234e-15,61.3125,61.3125,306.5625,9.529876888e-14,551.8125,551.8125,1,0
19.66,2.25,-1.110223025e-16,0,9,-4.440892099e-16,61.3125,61.3125,306.5625,-2.722821968e-14,551.8125,551.8125,1,0
19.67,2.25,-5.551115123e-17,0,9,-2.220446049e-16,61.3125,61.3125,306.5625,-1.361410984e-14,551.8125,551.8125,1,0
19.68,2.25,3.885780586e-16,0,9,1.554312234e-15,61.3125,61.3125,306.5625,9.529876888e-14,551.8125,551.8125,1,0
19.69,2.25,-1.110223025e-16,0,9,-4.440892099e-16,61.3125,61.3125,306.5625,-2.722821968e-14,551.8125,551.8125,1,0
19.7,2.25,-5.551115123e-17,0,9,-2.220446049e-16,61.3125,61.3125,306.5625,-1.361410984e-14,551.8125,551.8125,1,0
19.71,2.25,3.885780586e-16,0,9,1.554312234e-15,61.3125,61.3125,306.5625,9.529876888e-14,551.8125,551.8125,1,0
19.72,2.25,-1.110223025e-16,0,9,-4.440892099e-16,61.3125,61.3125,306.5625,-2.722821968e-14,551.8125,551.8125,1,0
19.73,2.25,-5.551115123e-17,0,9,-2.220446049e-16,61.3125,61.3125,306.5625,-1.361410984e-14,551.8125,551.8125,1,0
19.74,2.25,-5.551115123e-17,0,9,-2.220446049e-16,61.3125,61.3125,306.5625,-1.361410984e-14,551.8125,551.8125,1,0
19.75,2.25,-1.110223025e-16,0,9,-4.440892099e-16,61.3125,61.3125,306.5625,-2.722821968e-14,551.8125,551.8125,1,0
19.76,2.25,-5.551115123e-17,0,9,-2.220446049e-16,61.3125,61.3125,306.5625,-1.361410984e-14,551.8125,551.8125,1,0
19.77,2.25,-5.551115123e-17,0,9,-2.220446049e-16,61.3125,61.3125,306.5625,-1.361410984e-14,551.8125,551.8125,1,0
19.78,2.25,-1.110223025e-16,0,9,-4.440892099e-16,61.3125,61.3125,306.5625,-2.722821968e-14,551.8125,551.8125,1,0
19.79,2.25,-1.110223025e-16,0,9,-4.440892099e-16,61.3125,61.3125,306.5625,-2.722821968e-14,551.8125,551.8125,1,0
19.8,2.25,-5.551115123e-17,0,9,-2.220446049e-16,61.3125,61.3125,306.5625,-1.361410984e-14,551.8125,551.8125,1,0
19.81,2.25,3.885780586e-16,0,9,1.554312234e-15,61.3125,61.3125,306.5625,9.529876888e-14,551.8125,551.8125,1,0
19.82,2.25,-1.110223025e-16,0,9,-4.440892099e-16,61.3125,61.3125,306.5625,-2.722821968e-14,551.8125,551.8125,1,0
19.83,2.25,-5.551115123e-17,0,9,-2.220446049e-16,61.3125,61.3125,306.5625,-1.361410984e-14,551.8125,551.8125,1,0
19.84,2.25,3.885780586e-16,0,9,1.554312234e-15,61.3125,61.3125,306.5625,9.529876888e-14,551.8125,551.8125,1,0
19.85,2.25,-1.110223025e-16,0,9,-4.440892099e-16,61.3125,61.3125,306.5625,-2.722821968e-14,551.8125,551.8125,1,0
19.86,2.25,-5.551115123e-17,0,9,-2.220446049e-16,61.3125,61.3125,306.5625,-1.361410984e-14,551.8125,551.8125,1,0
19.87,2.25,3.885780586e-16,0,9,1.554312234e-15,61.3125,61.3125,306.5625,9.529876888e-14,551.8125,551.8125,1,0
19.88,2.25,-1.110223025e-16,0,9,-4.440892099e-16,61.3125,61.3125,306.5625,-2.722821968e-14,551.8125,551.8125,1,0
19.89,2.25,-5.551115123e-17,0,9,-2.220446049e-16,61.3125,61.3125,306.5625,-1.361410984e-14,551.8125,551.8125,1,0
19.9,2.25,-5.551115123e-17,0,9,-2.220446049e-16,61.3125,61.3125,306.5625,-1.361410984e-14,551.8125,551.8125,1,0
19.91,2.25,-1.110223025e-16,0,9,-4.440892099e-16,61.3125,61.3125,306.5625,-2.722821968e-14,551.8125,551.8125,1,0
19.92,2.25,-5.551115123e-17,0,9,-2.220446049e-16,61.3125,61.3125,306.5625,-1.361410984e-14,551.8125,551.8125,1,0
19.93,2.25,-5.551115123e-17,0,9,-2.220446049e-16,61.3125,61.3125,306.5625,-1.361410984e-14,551.8125,551.8125,1,0
19.94,2.25,-1.110223025e-16,0,9,-4.440892099e-16,61.3125,61.3125,306.5625,-2.722821968e-14,551.8125,551.8125,1,0
19.95,2.25,-1.110223025e-16,0,9,-4.440892099e-16,61.3125,61.3125,306.5625,-2.722821968e-14,551.8125,551.8125,1,0
19.96,2.25,-5.551115123e-17,0,9,-2.220446049e-16,61.3125,61.3125,306.5625,-1.361410984e-14,551.8125,551.8125,1,0
19.97,2.25,3.885780586e-16,0,9,1.554312234e-15,61.3125,61.3125,306.5625,9.529876888e-14,551.8125,551.8125,1,0
19.98,2.25,-1.110223025e-16,0,9,-4.440892099e-16,61.3125,61.3125,306.5625,-2.722821968e-14,551.8125,551.8125,1,0
19.99,2.25,-5.551115123e-17,0,9,-2.220446049e-16,61.3125,61.3125,306.5625,-1.361410984e-14,551.8125,551.8125,1,0
20,2.25,3.330669074e-16,0,9,1.33226763e-15,61.3125,61.3125,306.5625,8.168465904e-14,551.8125,551.8125,1,0
